Date_reported,Country_code,Country,WHO_region,New_cases,Cumulative_cases,New_deaths,Cumulative_deaths
1/4/2020,US,United States of America,AMR,,0,,0
1/5/2020,US,United States of America,AMR,,0,,0
1/6/2020,US,United States of America,AMR,,0,,0
1/7/2020,US,United States of America,AMR,,0,,0
1/8/2020,US,United States of America,AMR,,0,,0
1/9/2020,US,United States of America,AMR,,0,,0
1/10/2020,US,United States of America,AMR,,0,,0
1/11/2020,US,United States of America,AMR,,0,,0
1/12/2020,US,United States of America,AMR,,0,,0
1/13/2020,US,United States of America,AMR,,0,,0
1/14/2020,US,United States of America,AMR,,0,,0
1/15/2020,US,United States of America,AMR,,0,,0
1/16/2020,US,United States of America,AMR,,0,,0
1/17/2020,US,United States of America,AMR,,0,,0
1/18/2020,US,United States of America,AMR,,0,,0
1/19/2020,US,United States of America,AMR,,0,,0
1/20/2020,US,United States of America,AMR,1,1,,0
1/21/2020,US,United States of America,AMR,,1,,0
1/22/2020,US,United States of America,AMR,,1,,0
1/23/2020,US,United States of America,AMR,,1,,0
1/24/2020,US,United States of America,AMR,,1,,0
1/25/2020,US,United States of America,AMR,5,6,,0
1/26/2020,US,United States of America,AMR,1,7,,0
1/27/2020,US,United States of America,AMR,,7,,0
1/28/2020,US,United States of America,AMR,1,8,,0
1/29/2020,US,United States of America,AMR,,8,,0
1/30/2020,US,United States of America,AMR,,8,,0
1/31/2020,US,United States of America,AMR,,8,,0
2/1/2020,US,United States of America,AMR,,8,,0
2/2/2020,US,United States of America,AMR,1,9,,0
2/3/2020,US,United States of America,AMR,1,10,,0
2/4/2020,US,United States of America,AMR,3,13,,0
2/5/2020,US,United States of America,AMR,4,17,,0
2/6/2020,US,United States of America,AMR,2,19,,0
2/7/2020,US,United States of America,AMR,,19,,0
2/8/2020,US,United States of America,AMR,,19,,0
2/9/2020,US,United States of America,AMR,1,20,,0
2/10/2020,US,United States of America,AMR,,20,,0
2/11/2020,US,United States of America,AMR,,20,,0
2/12/2020,US,United States of America,AMR,,20,,0
2/13/2020,US,United States of America,AMR,,20,,0
2/14/2020,US,United States of America,AMR,2,22,,0
2/15/2020,US,United States of America,AMR,1,23,,0
2/16/2020,US,United States of America,AMR,1,24,,0
2/17/2020,US,United States of America,AMR,,24,,0
2/18/2020,US,United States of America,AMR,,24,,0
2/19/2020,US,United States of America,AMR,2,26,,0
2/20/2020,US,United States of America,AMR,5,31,,0
2/21/2020,US,United States of America,AMR,3,34,,0
2/22/2020,US,United States of America,AMR,1,35,,0
2/23/2020,US,United States of America,AMR,5,40,,0
2/24/2020,US,United States of America,AMR,8,48,,0
2/25/2020,US,United States of America,AMR,,48,,0
2/26/2020,US,United States of America,AMR,4,52,,0
2/27/2020,US,United States of America,AMR,4,56,,0
2/28/2020,US,United States of America,AMR,8,64,,0
2/29/2020,US,United States of America,AMR,5,69,1,1
3/1/2020,US,United States of America,AMR,4,73,,1
3/2/2020,US,United States of America,AMR,9,82,1,2
3/3/2020,US,United States of America,AMR,18,100,,2
3/4/2020,US,United States of America,AMR,35,135,6,8
3/5/2020,US,United States of America,AMR,51,186,3,11
3/6/2020,US,United States of America,AMR,70,256,2,13
3/7/2020,US,United States of America,AMR,78,334,3,16
3/8/2020,US,United States of America,AMR,130,464,3,19
3/9/2020,US,United States of America,AMR,146,610,5,24
3/10/2020,US,United States of America,AMR,212,822,4,28
3/11/2020,US,United States of America,AMR,390,1212,4,32
3/12/2020,US,United States of America,AMR,497,1709,7,39
3/13/2020,US,United States of America,AMR,525,2234,12,51
3/14/2020,US,United States of America,AMR,727,2961,7,58
3/15/2020,US,United States of America,AMR,968,3929,11,69
3/16/2020,US,United States of America,AMR,1219,5148,13,82
3/17/2020,US,United States of America,AMR,2135,7283,18,100
3/18/2020,US,United States of America,AMR,2369,9652,21,121
3/19/2020,US,United States of America,AMR,3229,12881,28,149
3/20/2020,US,United States of America,AMR,4862,17743,64,213
3/21/2020,US,United States of America,AMR,6113,23856,69,282
3/22/2020,US,United States of America,AMR,7559,31415,92,374
3/23/2020,US,United States of America,AMR,9110,40525,112,486
3/24/2020,US,United States of America,AMR,10765,51290,118,604
3/25/2020,US,United States of America,AMR,10754,62044,164,768
3/26/2020,US,United States of America,AMR,11332,73376,209,977
3/27/2020,US,United States of America,AMR,14115,87491,301,1278
3/28/2020,US,United States of America,AMR,18474,105965,341,1619
3/29/2020,US,United States of America,AMR,20344,126309,487,2106
3/30/2020,US,United States of America,AMR,20673,146982,556,2662
3/31/2020,US,United States of America,AMR,26161,173143,665,3327
4/1/2020,US,United States of America,AMR,15536,188679,631,3958
4/2/2020,US,United States of America,AMR,23260,211939,982,4940
4/3/2020,US,United States of America,AMR,28674,240613,1121,6061
4/4/2020,US,United States of America,AMR,29790,270403,1311,7372
4/5/2020,US,United States of America,AMR,32057,302460,1376,8748
4/6/2020,US,United States of America,AMR,32134,334594,1540,10288
4/7/2020,US,United States of America,AMR,26984,361578,1873,12161
4/8/2020,US,United States of America,AMR,28629,390207,1691,13852
4/9/2020,US,United States of America,AMR,29355,419562,2093,15945
4/10/2020,US,United States of America,AMR,34148,453710,2221,18166
4/11/2020,US,United States of America,AMR,34743,488453,2230,20396
4/12/2020,US,United States of America,AMR,33179,521632,2241,22637
4/13/2020,US,United States of America,AMR,31535,553167,2192,24829
4/14/2020,US,United States of America,AMR,27094,580261,1857,26686
4/15/2020,US,United States of America,AMR,25244,605505,1905,28591
4/16/2020,US,United States of America,AMR,25259,630764,2432,31023
4/17/2020,US,United States of America,AMR,25208,655972,2731,33754
4/18/2020,US,United States of America,AMR,31494,687466,2445,36199
4/19/2020,US,United States of America,AMR,30316,717782,2336,38535
4/20/2020,US,United States of America,AMR,28281,746063,1848,40383
4/21/2020,US,United States of America,AMR,26070,772133,1993,42376
4/22/2020,US,United States of America,AMR,26428,798561,2077,44453
4/23/2020,US,United States of America,AMR,25927,824488,2673,47126
4/24/2020,US,United States of America,AMR,30470,854958,2221,49347
4/25/2020,US,United States of America,AMR,33211,888169,1984,51331
4/26/2020,US,United States of America,AMR,34778,922947,2103,53434
4/27/2020,US,United States of America,AMR,33603,956550,1892,55326
4/28/2020,US,United States of America,AMR,26063,982613,1535,56861
4/29/2020,US,United States of America,AMR,23758,1006371,1489,58350
4/30/2020,US,United States of America,AMR,23935,1030306,2111,60461
5/1/2020,US,United States of America,AMR,26774,1057080,2417,62878
5/2/2020,US,United States of America,AMR,31221,1088301,2238,65116
5/3/2020,US,United States of America,AMR,33082,1121383,1953,67069
5/4/2020,US,United States of America,AMR,28292,1149675,1609,68678
5/5/2020,US,United States of America,AMR,25927,1175602,1412,70090
5/6/2020,US,United States of America,AMR,22324,1197926,1271,71361
5/7/2020,US,United States of America,AMR,22878,1220804,2434,73795
5/8/2020,US,United States of America,AMR,25440,1246244,2341,76136
5/9/2020,US,United States of America,AMR,28552,1274796,2033,78169
5/10/2020,US,United States of America,AMR,28833,1303629,1658,79827
5/11/2020,US,United States of America,AMR,25917,1329546,1491,81318
5/12/2020,US,United States of America,AMR,20656,1350202,1073,82391
5/13/2020,US,United States of America,AMR,19950,1370152,1034,83425
5/14/2020,US,United States of America,AMR,23902,1394054,1533,84958
5/15/2020,US,United States of America,AMR,17336,1411390,1507,86465
5/16/2020,US,United States of America,AMR,34643,1446033,1943,88408
5/17/2020,US,United States of America,AMR,26628,1472661,1549,89957
5/18/2020,US,United States of America,AMR,26081,1498742,1239,91196
5/19/2020,US,United States of America,AMR,19917,1518659,927,92123
5/20/2020,US,United States of America,AMR,22744,1541403,946,93069
5/21/2020,US,United States of America,AMR,21923,1563326,1179,94248
5/22/2020,US,United States of America,AMR,23506,1586832,1374,95622
5/23/2020,US,United States of America,AMR,26191,1613023,1083,96705
5/24/2020,US,United States of America,AMR,25963,1638986,1810,98515
5/25/2020,US,United States of America,AMR,21465,1660451,937,99452
5/26/2020,US,United States of America,AMR,20651,1681102,788,100240
5/27/2020,US,United States of America,AMR,19379,1700481,687,100927
5/28/2020,US,United States of America,AMR,17510,1717991,811,101738
5/29/2020,US,United States of America,AMR,19508,1737499,1285,103023
5/30/2020,US,United States of America,AMR,24182,1761681,1251,104274
5/31/2020,US,United States of America,AMR,23741,1785422,1051,105325
6/1/2020,US,United States of America,AMR,24127,1809549,906,106231
6/2/2020,US,United States of America,AMR,21466,1831015,673,106904
6/3/2020,US,United States of America,AMR,17157,1848172,691,107595
6/4/2020,US,United States of America,AMR,20974,1869146,934,108529
6/5/2020,US,United States of America,AMR,20695,1889841,1022,109551
6/6/2020,US,United States of America,AMR,20870,1910711,885,110436
6/7/2020,US,United States of America,AMR,24491,1935202,876,111312
6/8/2020,US,United States of America,AMR,23285,1958487,669,111981
6/9/2020,US,United States of America,AMR,18455,1976942,593,112574
6/10/2020,US,United States of America,AMR,18151,1995093,776,113350
6/11/2020,US,United States of America,AMR,18581,2013674,827,114177
6/12/2020,US,United States of America,AMR,22181,2035855,882,115059
6/13/2020,US,United States of America,AMR,22890,2058745,888,115947
6/14/2020,US,United States of America,AMR,28333,2087078,735,116682
6/15/2020,US,United States of America,AMR,26434,2113512,685,117367
6/16/2020,US,United States of America,AMR,20778,2134290,489,117856
6/17/2020,US,United States of America,AMR,20591,2154881,525,118381
6/18/2020,US,United States of America,AMR,24777,2179658,674,119055
6/19/2020,US,United States of America,AMR,25816,2205474,684,119739
6/20/2020,US,United States of America,AMR,28520,2233994,643,120382
6/21/2020,US,United States of America,AMR,33105,2267099,755,121137
6/22/2020,US,United States of America,AMR,33467,2300566,576,121713
6/23/2020,US,United States of America,AMR,27345,2327911,413,122126
6/24/2020,US,United States of America,AMR,28698,2356609,415,122541
6/25/2020,US,United States of America,AMR,37887,2394496,746,123287
6/26/2020,US,United States of America,AMR,37320,2431816,692,123979
6/27/2020,US,United States of America,AMR,47021,2478837,2533,126512
6/28/2020,US,United States of America,AMR,46540,2525377,706,127218
6/29/2020,US,United States of America,AMR,43653,2569030,593,127811
6/30/2020,US,United States of America,AMR,37583,2606613,439,128250
7/1/2020,US,United States of America,AMR,38517,2645130,461,128711
7/2/2020,US,United States of America,AMR,47253,2692383,662,129373
7/3/2020,US,United States of America,AMR,59342,2751725,782,130155
7/4/2020,US,United States of America,AMR,55452,2807177,704,130859
7/5/2020,US,United States of America,AMR,60366,2867543,810,131669
7/6/2020,US,United States of America,AMR,48978,2916521,539,132208
7/7/2020,US,United States of America,AMR,40413,2956934,460,132668
7/8/2020,US,United States of America,AMR,50763,3007697,598,133266
7/9/2020,US,United States of America,AMR,56754,3064451,928,134194
7/10/2020,US,United States of America,AMR,64775,3129226,1079,135273
7/11/2020,US,United States of America,AMR,61943,3191169,961,136234
7/12/2020,US,United States of America,AMR,68579,3259748,964,137198
7/13/2020,US,United States of America,AMR,68262,3328010,889,138087
7/14/2020,US,United States of America,AMR,58680,3386690,840,138927
7/15/2020,US,United States of America,AMR,56287,3442977,731,139658
7/16/2020,US,United States of America,AMR,64516,3507493,914,140572
7/17/2020,US,United States of America,AMR,72389,3579882,1122,141694
7/18/2020,US,United States of America,AMR,69181,3649063,1089,142783
7/19/2020,US,United States of America,AMR,76952,3726015,1081,143864
7/20/2020,US,United States of America,AMR,67324,3793339,1005,144869
7/21/2020,US,United States of America,AMR,60012,3853351,932,145801
7/22/2020,US,United States of America,AMR,58519,3911870,867,146668
7/23/2020,US,United States of America,AMR,63336,3975206,1193,147861
7/24/2020,US,United States of America,AMR,72416,4047622,1191,149052
7/25/2020,US,United States of America,AMR,73142,4120764,1254,150306
7/26/2020,US,United States of America,AMR,73152,4193916,1284,151590
7/27/2020,US,United States of America,AMR,61596,4255512,1148,152738
7/28/2020,US,United States of America,AMR,57759,4313271,951,153689
7/29/2020,US,United States of America,AMR,54007,4367278,936,154625
7/30/2020,US,United States of America,AMR,58708,4425986,1163,155788
7/31/2020,US,United States of America,AMR,64855,4490841,1179,156967
8/1/2020,US,United States of America,AMR,66141,4556982,1400,158367
8/2/2020,US,United States of America,AMR,68184,4625166,1369,159736
8/3/2020,US,United States of America,AMR,56412,4681578,1164,160900
8/4/2020,US,United States of America,AMR,50849,4732427,922,161822
8/5/2020,US,United States of America,AMR,45329,4777756,853,162675
8/6/2020,US,United States of America,AMR,52056,4829812,1072,163747
8/7/2020,US,United States of America,AMR,55592,4885404,1260,165007
8/8/2020,US,United States of America,AMR,53165,4938569,1211,166218
8/9/2020,US,United States of America,AMR,62506,5001075,1317,167535
8/10/2020,US,United States of America,AMR,51679,5052754,1043,168578
8/11/2020,US,United States of America,AMR,46473,5099227,900,169478
8/12/2020,US,United States of America,AMR,43377,5142604,795,170273
8/13/2020,US,United States of America,AMR,58958,5201562,1098,171371
8/14/2020,US,United States of America,AMR,54392,5255954,1326,172697
8/15/2020,US,United States of America,AMR,51522,5307476,1195,173892
8/16/2020,US,United States of America,AMR,56261,5363737,1047,174939
8/17/2020,US,United States of America,AMR,51137,5414874,952,175891
8/18/2020,US,United States of America,AMR,41495,5456369,889,176780
8/19/2020,US,United States of America,AMR,41589,5497958,637,177417
8/20/2020,US,United States of America,AMR,41625,5539583,928,178345
8/21/2020,US,United States of America,AMR,46574,5586157,1264,179609
8/22/2020,US,United States of America,AMR,46187,5632344,1000,180609
8/23/2020,US,United States of America,AMR,47181,5679525,1007,181616
8/24/2020,US,United States of America,AMR,42550,5722075,1006,182622
8/25/2020,US,United States of America,AMR,36210,5758285,836,183458
8/26/2020,US,United States of America,AMR,35716,5794001,584,184042
8/27/2020,US,United States of America,AMR,40574,5834575,880,184922
8/28/2020,US,United States of America,AMR,46430,5881005,1062,185984
8/29/2020,US,United States of America,AMR,46920,5927925,940,186924
8/30/2020,US,United States of America,AMR,46546,5974471,1035,187959
8/31/2020,US,United States of America,AMR,40908,6015379,839,188798
9/1/2020,US,United States of America,AMR,36635,6052014,717,189515
9/2/2020,US,United States of America,AMR,38696,6090710,553,190068
9/3/2020,US,United States of America,AMR,39178,6129888,860,190928
9/4/2020,US,United States of America,AMR,43647,6173535,884,191812
9/5/2020,US,United States of America,AMR,45272,6218807,948,192760
9/6/2020,US,United States of America,AMR,50917,6269724,904,193664
9/7/2020,US,United States of America,AMR,41129,6310853,801,194465
9/8/2020,US,United States of America,AMR,34237,6345090,685,195150
9/9/2020,US,United States of America,AMR,24876,6369966,417,195567
9/10/2020,US,United States of America,AMR,28054,6398020,553,196120
9/11/2020,US,United States of America,AMR,34660,6432680,826,196946
9/12/2020,US,United States of America,AMR,38583,6471263,832,197778
9/13/2020,US,United States of America,AMR,44082,6515345,863,198641
9/14/2020,US,United States of America,AMR,40371,6555716,662,199303
9/15/2020,US,United States of America,AMR,32888,6588604,720,200023
9/16/2020,US,United States of America,AMR,34336,6622940,359,200382
9/17/2020,US,United States of America,AMR,36815,6659755,801,201183
9/18/2020,US,United States of America,AMR,43910,6703665,1099,202282
9/19/2020,US,United States of America,AMR,44530,6748195,732,203014
9/20/2020,US,United States of America,AMR,48127,6796322,803,203817
9/21/2020,US,United States of America,AMR,42181,6838503,674,204491
9/22/2020,US,United States of America,AMR,34450,6872953,484,204975
9/23/2020,US,United States of America,AMR,41398,6914351,537,205512
9/24/2020,US,United States of America,AMR,49528,6963879,660,206172
9/25/2020,US,United States of America,AMR,41641,7005520,903,207075
9/26/2020,US,United States of America,AMR,45961,7051481,740,207815
9/27/2020,US,United States of America,AMR,49615,7101096,778,208593
9/28/2020,US,United States of America,AMR,42035,7143131,664,209257
9/29/2020,US,United States of America,AMR,35551,7178682,502,209759
9/30/2020,US,United States of America,AMR,38402,7217084,400,210159
10/1/2020,US,United States of America,AMR,38881,7255965,795,210954
10/2/2020,US,United States of America,AMR,45920,7301885,686,211640
10/3/2020,US,United States of America,AMR,46624,7348509,733,212373
10/4/2020,US,United States of America,AMR,50935,7399444,907,213280
10/5/2020,US,United States of America,AMR,47727,7447171,565,213845
10/6/2020,US,United States of America,AMR,35774,7482945,598,214443
10/7/2020,US,United States of America,AMR,41602,7524547,508,214951
10/8/2020,US,United States of America,AMR,41654,7566201,635,215586
10/9/2020,US,United States of America,AMR,52594,7618795,782,216368
10/10/2020,US,United States of America,AMR,56104,7674899,735,217103
10/11/2020,US,United States of America,AMR,58794,7733693,792,217895
10/12/2020,US,United States of America,AMR,54216,7787909,681,218576
10/13/2020,US,United States of America,AMR,44423,7832332,573,219149
10/14/2020,US,United States of America,AMR,49144,7881476,497,219646
10/15/2020,US,United States of America,AMR,50497,7931973,652,220298
10/16/2020,US,United States of America,AMR,57229,7989202,821,221119
10/17/2020,US,United States of America,AMR,63046,8052248,697,221816
10/18/2020,US,United States of America,AMR,69079,8121327,880,222696
10/19/2020,US,United States of America,AMR,54548,8175875,693,223389
10/20/2020,US,United States of America,AMR,48887,8224762,733,224122
10/21/2020,US,United States of America,AMR,61362,8286124,612,224734
10/22/2020,US,United States of America,AMR,58741,8344865,791,225525
10/23/2020,US,United States of America,AMR,68657,8413522,1059,226584
10/24/2020,US,United States of America,AMR,74903,8488425,916,227500
10/25/2020,US,United States of America,AMR,82340,8570765,919,228419
10/26/2020,US,United States of America,AMR,76181,8646946,836,229255
10/27/2020,US,United States of America,AMR,65610,8712556,601,229856
10/28/2020,US,United States of America,AMR,69584,8782140,682,230538
10/29/2020,US,United States of America,AMR,74961,8857101,896,231434
10/30/2020,US,United States of America,AMR,84410,8941511,1063,232497
10/31/2020,US,United States of America,AMR,91130,9032641,1110,233607
11/1/2020,US,United States of America,AMR,97518,9130159,908,234515
11/2/2020,US,United States of America,AMR,92783,9222942,942,235457
11/3/2020,US,United States of America,AMR,141582,9364524,708,236165
11/4/2020,US,United States of America,AMR,87188,9451712,738,236903
11/5/2020,US,United States of America,AMR,98499,9550211,1031,237934
11/6/2020,US,United States of America,AMR,113875,9664086,1298,239232
11/7/2020,US,United States of America,AMR,122830,9786916,1227,240459
11/8/2020,US,United States of America,AMR,133337,9920253,1260,241719
11/9/2020,US,United States of America,AMR,129810,10050063,1095,242814
11/10/2020,US,United States of America,AMR,111648,10161711,882,243696
11/11/2020,US,United States of America,AMR,124487,10286198,930,244626
11/12/2020,US,United States of America,AMR,145951,10432149,1674,246300
11/13/2020,US,United States of America,AMR,153660,10585809,1518,247818
11/14/2020,US,United States of America,AMR,162300,10748109,1347,249165
11/15/2020,US,United States of America,AMR,176989,10925098,1271,250436
11/16/2020,US,United States of America,AMR,164239,11089337,1472,251908
11/17/2020,US,United States of America,AMR,137564,11226901,1027,252935
11/18/2020,US,United States of America,AMR,153374,11380275,1018,253953
11/19/2020,US,United States of America,AMR,167352,11547627,1591,255544
11/20/2020,US,United States of America,AMR,170904,11718531,1833,257377
11/21/2020,US,United States of America,AMR,188681,11907212,1920,259297
11/22/2020,US,United States of America,AMR,193369,12100581,1959,261256
11/23/2020,US,United States of America,AMR,173861,12274442,1724,262980
11/24/2020,US,United States of America,AMR,149783,12424225,1303,264283
11/25/2020,US,United States of America,AMR,160411,12584636,1413,265696
11/26/2020,US,United States of America,AMR,175183,12759819,1889,267585
11/27/2020,US,United States of America,AMR,194100,12953919,2289,269874
11/28/2020,US,United States of America,AMR,145029,13098948,1674,271548
11/29/2020,US,United States of America,AMR,164034,13262982,1658,273206
11/30/2020,US,United States of America,AMR,144575,13407557,1506,274712
12/1/2020,US,United States of America,AMR,141072,13548629,1281,275993
12/2/2020,US,United States of America,AMR,151905,13700534,1546,277539
12/3/2020,US,United States of America,AMR,192718,13893252,2379,279918
12/4/2020,US,United States of America,AMR,210074,14103326,2756,282674
12/5/2020,US,United States of America,AMR,216782,14320108,2740,285414
12/6/2020,US,United States of America,AMR,223806,14543914,2593,288007
12/7/2020,US,United States of America,AMR,205575,14749489,2376,290383
12/8/2020,US,United States of America,AMR,176909,14926398,1588,291971
12/9/2020,US,United States of America,AMR,183091,15109489,1973,293944
12/10/2020,US,United States of America,AMR,226982,15336471,2561,296505
12/11/2020,US,United States of America,AMR,221251,15557722,3323,299828
12/12/2020,US,United States of America,AMR,208835,15766557,2705,302533
12/13/2020,US,United States of America,AMR,245839,16012396,3188,305721
12/14/2020,US,United States of America,AMR,217153,16229549,2440,308161
12/15/2020,US,United States of America,AMR,181275,16410824,2037,310198
12/16/2020,US,United States of America,AMR,198204,16609028,1955,312153
12/17/2020,US,United States of America,AMR,198650,16807678,2758,314911
12/18/2020,US,United States of America,AMR,240266,17047944,3389,318300
12/19/2020,US,United States of America,AMR,246505,17294449,3338,321638
12/20/2020,US,United States of America,AMR,235875,17530324,2949,324587
12/21/2020,US,United States of America,AMR,202289,17732613,2727,327314
12/22/2020,US,United States of America,AMR,186429,17919042,2090,329404
12/23/2020,US,United States of America,AMR,183553,18102595,2129,331533
12/24/2020,US,United States of America,AMR,197759,18300354,2891,334424
12/25/2020,US,United States of America,AMR,226200,18526554,3238,337662
12/26/2020,US,United States of America,AMR,202550,18729104,3021,340683
12/27/2020,US,United States of America,AMR,161342,18890446,2237,342920
12/28/2020,US,United States of America,AMR,147119,19037565,1650,344570
12/29/2020,US,United States of America,AMR,154342,19191907,1903,346473
12/30/2020,US,United States of America,AMR,176774,19368681,2180,348653
12/31/2020,US,United States of America,AMR,208904,19577585,3351,352004
1/1/2021,US,United States of America,AMR,235818,19813403,3763,355767
1/2/2021,US,United States of America,AMR,229492,20042895,3754,359521
1/3/2021,US,United States of America,AMR,228546,20271441,3049,362570
1/4/2021,US,United States of America,AMR,225318,20496759,2384,364954
1/5/2021,US,United States of America,AMR,205458,20702217,2044,366998
1/6/2021,US,United States of America,AMR,174314,20876531,2029,369027
1/7/2021,US,United States of America,AMR,242441,21118972,3496,372523
1/8/2021,US,United States of America,AMR,257750,21376722,3855,376378
1/9/2021,US,United States of America,AMR,269765,21646487,3978,380356
1/10/2021,US,United States of America,AMR,292105,21938592,3711,384067
1/11/2021,US,United States of America,AMR,256294,22194886,3411,387478
1/12/2021,US,United States of America,AMR,224484,22419370,2555,390033
1/13/2021,US,United States of America,AMR,204122,22623492,2534,392567
1/14/2021,US,United States of America,AMR,217776,22841268,3600,396167
1/15/2021,US,United States of America,AMR,226378,23067646,4066,400233
1/16/2021,US,United States of America,AMR,223583,23291229,3762,403995
1/17/2021,US,United States of America,AMR,237318,23528547,3384,407379
1/18/2021,US,United States of America,AMR,209511,23738058,3549,410928
1/19/2021,US,United States of America,AMR,186583,23924641,2600,413528
1/20/2021,US,United States of America,AMR,154205,24078846,2250,415778
1/21/2021,US,United States of America,AMR,150233,24229079,2738,418516
1/22/2021,US,United States of America,AMR,188266,24417345,3826,422342
1/23/2021,US,United States of America,AMR,187644,24604989,3853,426195
1/24/2021,US,United States of America,AMR,189419,24794408,3679,429874
1/25/2021,US,United States of America,AMR,165512,24959920,3073,432947
1/26/2021,US,United States of America,AMR,141554,25101474,2477,435424
1/27/2021,US,United States of America,AMR,135591,25237065,2037,437461
1/28/2021,US,United States of America,AMR,145943,25383008,3576,441037
1/29/2021,US,United States of America,AMR,158965,25541973,3950,444987
1/30/2021,US,United States of America,AMR,156822,25698795,3870,448857
1/31/2021,US,United States of America,AMR,164238,25863033,3266,452123
2/1/2021,US,United States of America,AMR,138823,26001856,2827,454950
2/2/2021,US,United States of America,AMR,111938,26113794,2291,457241
2/3/2021,US,United States of America,AMR,129043,26242837,2229,459470
2/4/2021,US,United States of America,AMR,121330,26364167,2947,462417
2/5/2021,US,United States of America,AMR,108669,26472836,3280,465697
2/6/2021,US,United States of America,AMR,122620,26595456,3127,468824
2/7/2021,US,United States of America,AMR,124827,26720283,3399,472223
2/8/2021,US,United States of America,AMR,110180,26830463,2803,475026
2/9/2021,US,United States of America,AMR,92931,26923394,1771,476797
2/10/2021,US,United States of America,AMR,80726,27004120,1668,478465
2/11/2021,US,United States of America,AMR,91417,27095537,2470,480935
2/12/2021,US,United States of America,AMR,98339,27193876,2813,483748
2/13/2021,US,United States of America,AMR,99548,27293424,3252,487000
2/14/2021,US,United States of America,AMR,97431,27390855,5061,492061
2/15/2021,US,United States of America,AMR,85221,27476076,3316,495377
2/16/2021,US,United States of America,AMR,67413,27543489,1572,496949
2/17/2021,US,United States of America,AMR,58066,27601555,1387,498336
2/18/2021,US,United States of America,AMR,56871,27658426,1407,499743
2/19/2021,US,United States of America,AMR,63770,27722196,2181,501924
2/20/2021,US,United States of America,AMR,68568,27790764,2247,504171
2/21/2021,US,United States of America,AMR,73576,27864340,2322,506493
2/22/2021,US,United States of America,AMR,65510,27929850,1839,508332
2/23/2021,US,United States of America,AMR,56628,27986478,1525,509857
2/24/2021,US,United States of America,AMR,55821,28042299,1487,511344
2/25/2021,US,United States of America,AMR,70162,28112461,1718,513062
2/26/2021,US,United States of America,AMR,72358,28184819,1975,515037
2/27/2021,US,United States of America,AMR,71998,28256817,2850,517887
2/28/2021,US,United States of America,AMR,73274,28330091,1966,519853
3/1/2021,US,United States of America,AMR,68298,28398389,1634,521487
3/2/2021,US,United States of America,AMR,52570,28450959,1026,522513
3/3/2021,US,United States of America,AMR,51114,28502073,1323,523836
3/4/2021,US,United States of America,AMR,53761,28555834,1128,524964
3/5/2021,US,United States of America,AMR,66043,28621877,1896,526860
3/6/2021,US,United States of America,AMR,64859,28686736,1515,528375
3/7/2021,US,United States of America,AMR,64094,28750830,1924,530299
3/8/2021,US,United States of America,AMR,57710,28808540,1277,531576
3/9/2021,US,United States of America,AMR,43758,28852298,895,532471
3/10/2021,US,United States of America,AMR,42703,28895001,802,533273
3/11/2021,US,United States of America,AMR,54088,28949089,1201,534474
3/12/2021,US,United States of America,AMR,61755,29010844,1576,536050
3/13/2021,US,United States of America,AMR,59764,29070608,1317,537367
3/14/2021,US,United States of America,AMR,64222,29134830,1491,538858
3/15/2021,US,United States of America,AMR,52274,29187104,958,539816
3/16/2021,US,United States of America,AMR,47230,29234334,651,540467
3/17/2021,US,United States of America,AMR,43532,29277866,693,541160
3/18/2021,US,United States of America,AMR,51806,29329672,853,542013
3/19/2021,US,United States of America,AMR,59588,29389260,1075,543088
3/20/2021,US,United States of America,AMR,63099,29452359,956,544044
3/21/2021,US,United States of America,AMR,62022,29514381,1078,545122
3/22/2021,US,United States of America,AMR,58456,29572837,718,545840
3/23/2021,US,United States of America,AMR,45228,29618065,553,546393
3/24/2021,US,United States of America,AMR,48228,29666293,938,547331
3/25/2021,US,United States of America,AMR,57684,29723977,753,548084
3/26/2021,US,United States of America,AMR,68021,29791998,1126,549210
3/27/2021,US,United States of America,AMR,65367,29857365,981,550191
3/28/2021,US,United States of America,AMR,74834,29932199,1042,551233
3/29/2021,US,United States of America,AMR,63203,29995402,851,552084
3/30/2021,US,United States of America,AMR,53256,30048658,618,552702
3/31/2021,US,United States of America,AMR,58014,30106672,548,553250
4/1/2021,US,United States of America,AMR,61789,30168461,729,553979
4/2/2021,US,United States of America,AMR,69567,30238028,948,554927
4/3/2021,US,United States of America,AMR,73685,30311713,816,555743
4/4/2021,US,United States of America,AMR,70446,30382159,842,556585
4/5/2021,US,United States of America,AMR,63695,30445854,708,557293
4/6/2021,US,United States of America,AMR,45722,30491576,532,557825
4/7/2021,US,United States of America,AMR,56400,30547976,362,558187
4/8/2021,US,United States of America,AMR,63657,30611633,749,558936
4/9/2021,US,United States of America,AMR,74627,30686260,821,559757
4/10/2021,US,United States of America,AMR,75434,30761694,867,560624
4/11/2021,US,United States of America,AMR,76415,30838109,864,561488
4/12/2021,US,United States of America,AMR,68111,30906220,740,562228
4/13/2021,US,United States of America,AMR,53239,30959459,468,562696
4/14/2021,US,United States of America,AMR,60435,31019894,533,563229
4/15/2021,US,United States of America,AMR,72206,31092100,751,563980
4/16/2021,US,United States of America,AMR,70654,31162754,782,564762
4/17/2021,US,United States of America,AMR,71498,31234252,794,565556
4/18/2021,US,United States of America,AMR,71074,31305326,807,566363
4/19/2021,US,United States of America,AMR,77212,31382538,627,566990
4/20/2021,US,United States of America,AMR,49337,31431875,499,567489
4/21/2021,US,United States of America,AMR,35281,31467156,463,567952
4/22/2021,US,United States of America,AMR,57318,31524474,746,568698
4/23/2021,US,United States of America,AMR,63049,31587523,767,569465
4/24/2021,US,United States of America,AMR,61479,31649002,784,570249
4/25/2021,US,United States of America,AMR,62419,31711421,835,571084
4/26/2021,US,United States of America,AMR,51698,31763119,654,571738
4/27/2021,US,United States of America,AMR,40847,31803966,435,572173
4/28/2021,US,United States of America,AMR,30199,31834165,467,572640
4/29/2021,US,United States of America,AMR,50313,31884478,546,573186
4/30/2021,US,United States of America,AMR,54396,31938874,832,574018
5/1/2021,US,United States of America,AMR,55643,31994517,753,574771
5/2/2021,US,United States of America,AMR,55311,32049828,806,575577
5/3/2021,US,United States of America,AMR,48352,32098180,616,576193
5/4/2021,US,United States of America,AMR,36593,32134773,500,576693
5/5/2021,US,United States of America,AMR,32953,32167726,470,577163
5/6/2021,US,United States of America,AMR,42552,32210278,674,577837
5/7/2021,US,United States of America,AMR,44541,32254819,714,578551
5/8/2021,US,United States of America,AMR,42692,32297511,671,579222
5/9/2021,US,United States of America,AMR,44641,32342152,806,580028
5/10/2021,US,United States of America,AMR,37021,32379173,609,580637
5/11/2021,US,United States of America,AMR,27538,32406711,408,581045
5/12/2021,US,United States of America,AMR,24383,32431094,395,581440
5/13/2021,US,United States of America,AMR,33073,32464167,598,582038
5/14/2021,US,United States of America,AMR,35784,32499951,679,582717
5/15/2021,US,United States of America,AMR,40435,32540386,583,583300
5/16/2021,US,United States of America,AMR,35116,32575502,701,584001
5/17/2021,US,United States of America,AMR,29837,32605339,442,584443
5/18/2021,US,United States of America,AMR,21375,32626714,437,584880
5/19/2021,US,United States of America,AMR,19453,32646167,362,585242
5/20/2021,US,United States of America,AMR,27639,32673806,610,585852
5/21/2021,US,United States of America,AMR,27491,32701297,583,586435
5/22/2021,US,United States of America,AMR,27948,32729245,541,586976
5/23/2021,US,United States of America,AMR,27866,32757111,649,587625
5/24/2021,US,United States of America,AMR,22224,32779335,409,588034
5/25/2021,US,United States of America,AMR,16030,32795365,287,588321
5/26/2021,US,United States of America,AMR,14761,32810126,555,588876
5/27/2021,US,United States of America,AMR,24571,32834697,518,589394
5/28/2021,US,United States of America,AMR,23475,32858172,517,589911
5/29/2021,US,United States of America,AMR,21970,32880142,545,590456
5/30/2021,US,United States of America,AMR,24780,32904922,703,591159
5/31/2021,US,United States of America,AMR,15628,32920550,301,591460
6/1/2021,US,United States of America,AMR,12350,32932900,254,591714
6/2/2021,US,United States of America,AMR,9408,32942308,232,591946
6/3/2021,US,United States of America,AMR,8935,32951243,332,592278
6/4/2021,US,United States of America,AMR,16048,32967291,492,592770
6/5/2021,US,United States of America,AMR,18151,32985442,478,593248
6/6/2021,US,United States of America,AMR,18592,33004034,586,593834
6/7/2021,US,United States of America,AMR,14734,33018768,394,594228
6/8/2021,US,United States of America,AMR,11084,33029852,423,594651
6/9/2021,US,United States of America,AMR,9898,33039750,322,594973
6/10/2021,US,United States of America,AMR,14314,33054064,313,595286
6/11/2021,US,United States of America,AMR,19640,33073704,387,595673
6/12/2021,US,United States of America,AMR,15924,33089628,382,596055
6/13/2021,US,United States of America,AMR,13971,33103599,403,596458
6/14/2021,US,United States of America,AMR,12350,33115949,208,596666
6/15/2021,US,United States of America,AMR,8721,33124670,152,596818
6/16/2021,US,United States of America,AMR,8275,33132945,199,597017
6/17/2021,US,United States of America,AMR,12616,33145561,316,597333
6/18/2021,US,United States of America,AMR,13220,33158781,336,597669
6/19/2021,US,United States of America,AMR,13484,33172265,279,597948
6/20/2021,US,United States of America,AMR,11961,33184226,272,598220
6/21/2021,US,United States of America,AMR,12350,33196576,251,598471
6/22/2021,US,United States of America,AMR,9047,33205623,223,598694
6/23/2021,US,United States of America,AMR,8568,33214191,266,598960
6/24/2021,US,United States of America,AMR,13288,33227479,308,599268
6/25/2021,US,United States of America,AMR,13841,33241320,326,599594
6/26/2021,US,United States of America,AMR,15572,33256892,315,599909
6/27/2021,US,United States of America,AMR,14971,33271863,412,600321
6/28/2021,US,United States of America,AMR,13294,33285157,242,600563
6/29/2021,US,United States of America,AMR,10676,33295833,173,600736
6/30/2021,US,United States of America,AMR,10438,33306271,183,600919
7/1/2021,US,United States of America,AMR,15514,33321785,282,601201
7/2/2021,US,United States of America,AMR,11639,33333424,244,601445
7/3/2021,US,United States of America,AMR,18586,33352010,289,601734
7/4/2021,US,United States of America,AMR,16890,33368900,304,602038
7/5/2021,US,United States of America,AMR,13189,33382089,152,602190
7/6/2021,US,United States of America,AMR,10459,33392548,125,602315
7/7/2021,US,United States of America,AMR,9147,33401695,103,602418
7/8/2021,US,United States of America,AMR,19962,33421657,301,602719
7/9/2021,US,United States of America,AMR,22636,33444293,250,602969
7/10/2021,US,United States of America,AMR,183538,33627831,262,603231
7/11/2021,US,United States of America,AMR,27579,33655410,316,603547
7/12/2021,US,United States of America,AMR,20875,33676285,149,603696
7/13/2021,US,United States of America,AMR,16722,33693007,119,603815
7/14/2021,US,United States of America,AMR,28892,33721899,295,604110
7/15/2021,US,United States of America,AMR,34978,33756877,337,604447
7/16/2021,US,United States of America,AMR,38299,33795176,342,604789
7/17/2021,US,United States of America,AMR,40555,33835731,319,605108
7/18/2021,US,United States of America,AMR,42258,33877989,370,605478
7/19/2021,US,United States of America,AMR,32139,33910128,183,605661
7/20/2021,US,United States of America,AMR,27993,33938121,146,605807
7/21/2021,US,United States of America,AMR,45195,33983316,284,606091
7/22/2021,US,United States of America,AMR,51040,34034356,320,606411
7/23/2021,US,United States of America,AMR,61313,34095669,399,606810
7/24/2021,US,United States of America,AMR,71708,34167377,338,607148
7/25/2021,US,United States of America,AMR,69639,34237016,414,607562
7/26/2021,US,United States of America,AMR,53795,34290811,254,607816
7/27/2021,US,United States of America,AMR,43206,34334017,249,608065
7/28/2021,US,United States of America,AMR,71245,34405262,411,608476
7/29/2021,US,United States of America,AMR,85805,34491067,499,608975
7/30/2021,US,United States of America,AMR,89149,34580216,494,609469
7/31/2021,US,United States of America,AMR,99367,34679583,495,609964
8/1/2021,US,United States of America,AMR,104519,34784102,525,610489
8/2/2021,US,United States of America,AMR,80567,34864669,395,610884
8/3/2021,US,United States of America,AMR,61188,34925857,370,611254
8/4/2021,US,United States of America,AMR,102409,35028266,656,611910
8/5/2021,US,United States of America,AMR,110283,35138549,700,612610
8/6/2021,US,United States of America,AMR,126833,35265382,741,613351
8/7/2021,US,United States of America,AMR,127854,35393236,753,614104
8/8/2021,US,United States of America,AMR,133922,35527158,838,614942
8/9/2021,US,United States of America,AMR,120252,35647410,648,615590
8/10/2021,US,United States of America,AMR,96790,35744200,527,616117
8/11/2021,US,United States of America,AMR,93050,35837250,720,616837
8/12/2021,US,United States of America,AMR,135427,35972677,961,617798
8/13/2021,US,United States of America,AMR,143479,36116156,612,618410
8/14/2021,US,United States of America,AMR,151161,36267317,973,619383
8/15/2021,US,United States of America,AMR,146305,36413622,1196,620579
8/16/2021,US,United States of America,AMR,139848,36553470,904,621483
8/17/2021,US,United States of America,AMR,110712,36664182,679,622162
8/18/2021,US,United States of America,AMR,108955,36773137,845,623007
8/19/2021,US,United States of America,AMR,150448,36923585,1193,624200
8/20/2021,US,United States of America,AMR,168162,37091747,1497,625697
8/21/2021,US,United States of America,AMR,174382,37266129,1381,627078
8/22/2021,US,United States of America,AMR,167459,37433588,1556,628634
8/23/2021,US,United States of America,AMR,141824,37575412,1169,629803
8/24/2021,US,United States of America,AMR,124481,37699893,899,630702
8/25/2021,US,United States of America,AMR,120825,37820718,1205,631907
8/26/2021,US,United States of America,AMR,162414,37983132,1655,633562
8/27/2021,US,United States of America,AMR,176904,38160036,1658,635220
8/28/2021,US,United States of America,AMR,186271,38346307,1760,636980
8/29/2021,US,United States of America,AMR,182171,38528478,1837,638817
8/30/2021,US,United States of America,AMR,150022,38678500,1460,640277
8/31/2021,US,United States of America,AMR,115672,38794172,1183,641460
9/1/2021,US,United States of America,AMR,138600,38932772,1243,642703
9/2/2021,US,United States of America,AMR,176801,39109573,1807,644510
9/3/2021,US,United States of America,AMR,197627,39307200,2015,646525
9/4/2021,US,United States of America,AMR,183417,39490617,2028,648553
9/5/2021,US,United States of America,AMR,182112,39672729,1973,650526
9/6/2021,US,United States of America,AMR,141762,39814491,1490,652016
9/7/2021,US,United States of America,AMR,123082,39937573,1324,653340
9/8/2021,US,United States of America,AMR,116004,40053577,1092,654432
9/9/2021,US,United States of America,AMR,114676,40168253,1522,655954
9/10/2021,US,United States of America,AMR,171241,40339494,2119,658073
9/11/2021,US,United States of America,AMR,183714,40523208,2246,660319
9/12/2021,US,United States of America,AMR,172091,40695299,2292,662611
9/13/2021,US,United States of America,AMR,153543,40848842,1739,664350
9/14/2021,US,United States of America,AMR,113838,40962680,1140,665490
9/15/2021,US,United States of America,AMR,118971,41081651,1352,666842
9/16/2021,US,United States of America,AMR,162147,41243798,2413,669255
9/17/2021,US,United States of America,AMR,163128,41406926,2499,671754
9/18/2021,US,United States of America,AMR,167335,41574261,2108,673862
9/19/2021,US,United States of America,AMR,158492,41732753,2339,676201
9/20/2021,US,United States of America,AMR,122574,41855327,1589,677790
9/21/2021,US,United States of America,AMR,94644,41949971,1194,678984
9/22/2021,US,United States of America,AMR,98378,42048349,1368,680352
9/23/2021,US,United States of America,AMR,132981,42181330,2345,682697
9/24/2021,US,United States of America,AMR,132730,42314060,2350,685047
9/25/2021,US,United States of America,AMR,138256,42452316,2073,687120
9/26/2021,US,United States of America,AMR,132731,42585047,2465,689585
9/27/2021,US,United States of America,AMR,96166,42681213,1435,691020
9/28/2021,US,United States of America,AMR,75238,42756451,1019,692039
9/29/2021,US,United States of America,AMR,107319,42863770,1957,693996
9/30/2021,US,United States of America,AMR,115452,42979222,2155,696151
10/1/2021,US,United States of America,AMR,116797,43096019,2253,698404
10/2/2021,US,United States of America,AMR,124042,43220061,1962,700366
10/3/2021,US,United States of America,AMR,120674,43340735,2211,702577
10/4/2021,US,United States of America,AMR,81968,43422703,1287,703864
10/5/2021,US,United States of America,AMR,66639,43489342,942,704806
10/6/2021,US,United States of America,AMR,91816,43581158,1356,706162
10/7/2021,US,United States of America,AMR,101799,43682957,2055,708217
10/8/2021,US,United States of America,AMR,118223,43801180,2053,710270
10/9/2021,US,United States of America,AMR,113038,43914218,1738,712008
10/10/2021,US,United States of America,AMR,108501,44022719,2253,714261
10/11/2021,US,United States of America,AMR,70589,44093308,1051,715312
10/12/2021,US,United States of America,AMR,58449,44151757,1013,716325
10/13/2021,US,United States of America,AMR,77961,44229718,1024,717349
10/14/2021,US,United States of America,AMR,89638,44319356,1914,719263
10/15/2021,US,United States of America,AMR,96312,44415668,1846,721109
10/16/2021,US,United States of America,AMR,96871,44512539,1576,722685
10/17/2021,US,United States of America,AMR,92417,44604956,2038,724723
10/18/2021,US,United States of America,AMR,63002,44667958,892,725615
10/19/2021,US,United States of America,AMR,47645,44715603,695,726310
10/20/2021,US,United States of America,AMR,72322,44787925,2330,728640
10/21/2021,US,United States of America,AMR,80595,44868520,1849,730489
10/22/2021,US,United States of America,AMR,76534,44945054,1841,732330
10/23/2021,US,United States of America,AMR,87571,45032625,1523,733853
10/24/2021,US,United States of America,AMR,80874,45113499,1961,735814
10/25/2021,US,United States of America,AMR,36114,45149613,654,736468
10/26/2021,US,United States of America,AMR,28057,45177670,347,736815
10/27/2021,US,United States of America,AMR,84460,45262130,1030,737845
10/28/2021,US,United States of America,AMR,101787,45363917,2052,739897
10/29/2021,US,United States of America,AMR,84199,45448116,1765,741662
10/30/2021,US,United States of America,AMR,103121,45551237,1277,742939
10/31/2021,US,United States of America,AMR,88448,45639685,1790,744729
11/1/2021,US,United States of America,AMR,34950,45674635,453,745182
11/2/2021,US,United States of America,AMR,25347,45699982,302,745484
11/3/2021,US,United States of America,AMR,117847,45817829,1196,746680
11/4/2021,US,United States of America,AMR,74593,45892422,1450,748130
11/5/2021,US,United States of America,AMR,78766,45971188,1188,749318
11/6/2021,US,United States of America,AMR,88850,46060038,1204,750522
11/7/2021,US,United States of America,AMR,89858,46149896,1614,752136
11/8/2021,US,United States of America,AMR,35987,46185883,476,752612
11/9/2021,US,United States of America,AMR,31524,46217407,256,752868
11/10/2021,US,United States of America,AMR,116391,46333798,1161,754029
11/11/2021,US,United States of America,AMR,82883,46416681,1587,755616
11/12/2021,US,United States of America,AMR,93749,46510430,1345,756961
11/13/2021,US,United States of America,AMR,73647,46584077,970,757931
11/14/2021,US,United States of America,AMR,122999,46707076,1734,759665
11/15/2021,US,United States of America,AMR,69276,46776352,544,760209
11/16/2021,US,United States of America,AMR,33593,46809945,217,760426
11/17/2021,US,United States of America,AMR,133590,46943535,1080,761506
11/18/2021,US,United States of America,AMR,96915,47040450,1464,762970
11/19/2021,US,United States of America,AMR,105810,47146260,1442,764412
11/20/2021,US,United States of America,AMR,123870,47270130,3867,768279
11/21/2021,US,United States of America,AMR,113822,47383952,1662,769941
11/22/2021,US,United States of America,AMR,46194,47430146,374,770315
11/23/2021,US,United States of America,AMR,38751,47468897,177,770492
11/24/2021,US,United States of America,AMR,145378,47614275,1177,771669
11/25/2021,US,United States of America,AMR,101066,47715341,1560,773229
11/26/2021,US,United States of America,AMR,106535,47821876,1374,774603
11/27/2021,US,United States of America,AMR,72723,47894599,465,775068
11/28/2021,US,United States of America,AMR,81747,47976346,563,775631
11/29/2021,US,United States of America,AMR,51800,48028146,214,775845
11/30/2021,US,United States of America,AMR,56537,48084683,193,776038
12/1/2021,US,United States of America,AMR,93479,48178162,1663,777701
12/2/2021,US,United States of America,AMR,120690,48298852,1622,779323
12/3/2021,US,United States of America,AMR,133075,48431927,1727,781050
12/4/2021,US,United States of America,AMR,143869,48575796,1244,782294
12/5/2021,US,United States of America,AMR,151567,48727363,1641,783935
12/6/2021,US,United States of America,AMR,67352,48794715,572,784507
12/7/2021,US,United States of America,AMR,55314,48850029,281,784788
12/8/2021,US,United States of America,AMR,184043,49034072,1288,786076
12/9/2021,US,United States of America,AMR,125548,49159620,1832,787908
12/10/2021,US,United States of America,AMR,129708,49289328,1480,789388
12/11/2021,US,United States of America,AMR,137431,49426759,1162,790550
12/12/2021,US,United States of America,AMR,135573,49562332,1971,792521
12/13/2021,US,United States of America,AMR,63967,49626299,490,793011
12/14/2021,US,United States of America,AMR,58109,49684408,306,793317
12/15/2021,US,United States of America,AMR,185683,49870091,1312,794629
12/16/2021,US,United States of America,AMR,125442,49995533,1908,796537
12/17/2021,US,United States of America,AMR,146477,50142010,1900,798437
12/18/2021,US,United States of America,AMR,162668,50304678,1115,799552
12/19/2021,US,United States of America,AMR,156763,50461441,2034,801586
12/20/2021,US,United States of America,AMR,87584,50549025,590,802176
12/21/2021,US,United States of America,AMR,102213,50651238,286,802462
12/22/2021,US,United States of America,AMR,266159,50917397,1467,803929
12/23/2021,US,United States of America,AMR,203318,51120715,2259,806188
12/24/2021,US,United States of America,AMR,237883,51358598,1854,808042
12/25/2021,US,United States of America,AMR,278812,51637410,3177,811219
12/26/2021,US,United States of America,AMR,241450,51878860,1368,812587
12/27/2021,US,United States of America,AMR,115824,51994684,262,812849
12/28/2021,US,United States of America,AMR,211284,52205968,266,813115
12/29/2021,US,United States of America,AMR,464495,52670463,1786,814901
12/30/2021,US,United States of America,AMR,389514,53059977,2331,817232
12/31/2021,US,United States of America,AMR,474309,53534286,1823,819055
1/1/2022,US,United States of America,AMR,584647,54118933,1334,820389
1/2/2022,US,United States of America,AMR,471965,54590898,1344,821733
1/3/2022,US,United States of America,AMR,302957,54893855,430,822163
1/4/2022,US,United States of America,AMR,390858,55284713,374,822537
1/5/2022,US,United States of America,AMR,902391,56187104,1672,824209
1/6/2022,US,United States of America,AMR,732514,56919618,2840,827049
1/7/2022,US,United States of America,AMR,702790,57622408,1846,828895
1/8/2022,US,United States of America,AMR,798436,58420844,2088,830983
1/9/2022,US,United States of America,AMR,852951,59273795,2466,833449
1/10/2022,US,United States of America,AMR,448743,59722538,869,834318
1/11/2022,US,United States of America,AMR,486541,60209079,699,835017
1/12/2022,US,United States of America,AMR,1265520,61474599,1962,836979
1/13/2022,US,United States of America,AMR,803539,62278138,3189,840168
1/14/2022,US,United States of America,AMR,855880,63134018,2480,842648
1/15/2022,US,United States of America,AMR,892303,64026321,2179,844827
1/16/2022,US,United States of America,AMR,898407,64924728,3002,847829
1/17/2022,US,United States of America,AMR,465957,65390685,1380,849209
1/18/2022,US,United States of America,AMR,418737,65809422,873,850082
1/19/2022,US,United States of America,AMR,968465,66777887,1453,851535
1/20/2022,US,United States of America,AMR,856293,67634180,2642,854177
1/21/2022,US,United States of America,AMR,780466,68414646,3259,857436
1/22/2022,US,United States of America,AMR,776490,69191136,2901,860337
1/23/2022,US,United States of America,AMR,776480,69967616,3800,864137
1/24/2022,US,United States of America,AMR,328564,70296180,1218,865355
1/25/2022,US,United States of America,AMR,314947,70611127,960,866315
1/26/2022,US,United States of America,AMR,1011148,71622275,2784,869099
1/27/2022,US,United States of America,AMR,493232,72115507,3530,872629
1/28/2022,US,United States of America,AMR,545225,72660732,3409,876038
1/29/2022,US,United States of America,AMR,572820,73233552,2898,878936
1/30/2022,US,United States of America,AMR,523326,73756878,3604,882540
1/31/2022,US,United States of America,AMR,222172,73979050,1516,884056
2/1/2022,US,United States of America,AMR,158214,74137264,925,884981
2/2/2022,US,United States of America,AMR,576521,74713785,2779,887760
2/3/2022,US,United States of America,AMR,296458,75010243,4076,891836
2/4/2022,US,United States of America,AMR,303405,75313648,3218,895054
2/5/2022,US,United States of America,AMR,350050,75663698,2715,897769
2/6/2022,US,United States of America,AMR,281890,75945588,3425,901194
2/7/2022,US,United States of America,AMR,104762,76050350,1254,902448
2/8/2022,US,United States of America,AMR,96578,76146928,714,903162
2/9/2022,US,United States of America,AMR,305358,76452286,3301,906463
2/10/2022,US,United States of America,AMR,197921,76650207,3804,910267
2/11/2022,US,United States of America,AMR,196394,76846601,3005,913272
2/12/2022,US,United States of America,AMR,165790,77012391,2579,915851
2/13/2022,US,United States of America,AMR,155309,77167700,2893,918744
2/14/2022,US,United States of America,AMR,67888,77235588,969,919713
2/15/2022,US,United States of America,AMR,47904,77283492,727,920440
2/16/2022,US,United States of America,AMR,174293,77457785,2973,923413
2/17/2022,US,United States of America,AMR,108080,77565865,3370,926783
2/18/2022,US,United States of America,AMR,105714,77671579,2708,929491
2/19/2022,US,United States of America,AMR,100475,77772054,2316,931807
2/20/2022,US,United States of America,AMR,103802,77875856,2309,934116
2/21/2022,US,United States of America,AMR,40797,77916653,716,934832
2/22/2022,US,United States of America,AMR,31174,77947827,588,935420
2/23/2022,US,United States of America,AMR,48413,77996240,1100,936520
2/24/2022,US,United States of America,AMR,115022,78111262,3252,939772
2/25/2022,US,United States of America,AMR,73662,78184924,2611,942383
2/26/2022,US,United States of America,AMR,75062,78259986,2488,944871
2/27/2022,US,United States of America,AMR,74142,78334128,2291,947162
2/28/2022,US,United States of America,AMR,25662,78359790,576,947738
3/1/2022,US,United States of America,AMR,18169,78377959,360,948098
3/2/2022,US,United States of America,AMR,76237,78454196,2302,950400
3/3/2022,US,United States of America,AMR,63819,78518015,1971,952371
3/4/2022,US,United States of America,AMR,52784,78570799,1536,953907
3/5/2022,US,United States of America,AMR,51622,78622421,1364,955271
3/6/2022,US,United States of America,AMR,44216,78666637,1569,956840
3/7/2022,US,United States of America,AMR,14292,78680929,322,957162
3/8/2022,US,United States of America,AMR,8941,78689870,367,957529
3/9/2022,US,United States of America,AMR,57277,78747147,1530,959059
3/10/2022,US,United States of America,AMR,31172,78778319,1735,960794
3/11/2022,US,United States of America,AMR,46110,78824429,1957,962751
3/12/2022,US,United States of America,AMR,39598,78864027,1258,964009
3/13/2022,US,United States of America,AMR,36942,78900969,1437,965446
3/14/2022,US,United States of America,AMR,12159,78913128,506,965952
3/15/2022,US,United States of America,AMR,9126,78922254,195,966147
3/16/2022,US,United States of America,AMR,60969,78983223,-2437,963710
3/17/2022,US,United States of America,AMR,24495,79007718,1443,965153
3/18/2022,US,United States of America,AMR,37828,79045546,1500,966653
3/19/2022,US,United States of America,AMR,33159,79078705,1066,967719
3/20/2022,US,United States of America,AMR,31004,79109709,972,968691
3/21/2022,US,United States of America,AMR,9881,79119590,200,968891
3/22/2022,US,United States of America,AMR,10038,79129628,150,969041
3/23/2022,US,United States of America,AMR,38828,79168456,789,969830
3/24/2022,US,United States of America,AMR,24771,79193227,937,970767
3/25/2022,US,United States of America,AMR,45160,79238387,1244,972011
3/26/2022,US,United States of America,AMR,36077,79274464,895,972906
3/27/2022,US,United States of America,AMR,28714,79303178,776,973682
3/28/2022,US,United States of America,AMR,12511,79315689,180,973862
3/29/2022,US,United States of America,AMR,9753,79325442,95,973957
3/30/2022,US,United States of America,AMR,32427,79357869,686,974643
3/31/2022,US,United States of America,AMR,24078,79381947,732,975375
4/1/2022,US,United States of America,AMR,48239,79430186,1173,976548
4/2/2022,US,United States of America,AMR,40063,79470249,704,977252
4/3/2022,US,United States of America,AMR,27393,79497642,602,977854
4/4/2022,US,United States of America,AMR,11677,79509319,148,978002
4/5/2022,US,United States of America,AMR,10548,79519867,117,978119
4/6/2022,US,United States of America,AMR,26930,79546797,322,978441
4/7/2022,US,United States of America,AMR,33374,79580171,524,978965
4/8/2022,US,United States of America,AMR,42256,79622427,944,979909
4/9/2022,US,United States of America,AMR,33806,79656233,523,980432
4/10/2022,US,United States of America,AMR,42601,79698834,889,981321
4/11/2022,US,United States of America,AMR,14053,79712887,141,981462
4/12/2022,US,United States of America,AMR,17314,79730201,69,981531
4/13/2022,US,United States of America,AMR,34571,79764772,323,981854
4/14/2022,US,United States of America,AMR,28789,79793561,733,982587
4/15/2022,US,United States of America,AMR,46149,79839710,603,983190
4/16/2022,US,United States of America,AMR,62708,79902418,710,983900
4/17/2022,US,United States of America,AMR,44355,79946773,544,984444
4/18/2022,US,United States of America,AMR,16817,79963590,49,984493
4/19/2022,US,United States of America,AMR,18767,79982357,57,984550
4/20/2022,US,United States of America,AMR,36003,80018360,366,984916
4/21/2022,US,United States of America,AMR,53418,80071778,427,985343
4/22/2022,US,United States of America,AMR,57408,80129186,547,985890
4/23/2022,US,United States of America,AMR,49509,80178695,655,986545
4/24/2022,US,United States of America,AMR,68799,80247494,342,986887
4/25/2022,US,United States of America,AMR,23458,80270952,72,986959
4/26/2022,US,United States of America,AMR,21103,80292055,61,987020
4/27/2022,US,United States of America,AMR,49858,80341913,217,987237
4/28/2022,US,United States of America,AMR,64414,80406327,384,987621
4/29/2022,US,United States of America,AMR,77145,80483472,729,988350
4/30/2022,US,United States of America,AMR,61915,80545387,288,988638
5/1/2022,US,United States of America,AMR,80656,80626043,491,989129
5/2/2022,US,United States of America,AMR,25939,80651982,90,989219
5/3/2022,US,United States of America,AMR,26774,80678756,133,989352
5/4/2022,US,United States of America,AMR,64100,80742856,180,989532
5/5/2022,US,United States of America,AMR,72566,80815422,648,990180
5/6/2022,US,United States of America,AMR,100537,80915959,804,990984
5/7/2022,US,United States of America,AMR,80010,80995969,300,991284
5/8/2022,US,United States of America,AMR,95732,81091701,486,991770
5/9/2022,US,United States of America,AMR,27518,81119219,61,991831
5/10/2022,US,United States of America,AMR,31753,81150972,63,991894
5/11/2022,US,United States of America,AMR,100982,81251954,189,992083
5/12/2022,US,United States of America,AMR,100249,81352203,393,992476
5/13/2022,US,United States of America,AMR,127795,81479998,566,993042
5/14/2022,US,United States of America,AMR,98705,81578703,262,993304
5/15/2022,US,United States of America,AMR,117953,81696656,432,993736
5/16/2022,US,United States of America,AMR,29099,81725755,79,993815
5/17/2022,US,United States of America,AMR,46227,81771982,66,993881
5/18/2022,US,United States of America,AMR,123395,81895377,231,994112
5/19/2022,US,United States of America,AMR,129614,82024991,368,994480
5/20/2022,US,United States of America,AMR,146420,82171411,606,995086
5/21/2022,US,United States of America,AMR,109730,82281141,252,995338
5/22/2022,US,United States of America,AMR,150010,82431151,479,995817
5/23/2022,US,United States of America,AMR,36406,82467557,97,995914
5/24/2022,US,United States of America,AMR,44879,82512436,67,995981
5/25/2022,US,United States of America,AMR,110873,82623309,388,996369
5/26/2022,US,United States of America,AMR,133342,82756651,471,996840
5/27/2022,US,United States of America,AMR,153916,82910567,699,997539
5/28/2022,US,United States of America,AMR,113174,83023741,327,997866
5/29/2022,US,United States of America,AMR,148130,83171871,580,998446
5/30/2022,US,United States of America,AMR,36051,83207922,87,998533
5/31/2022,US,United States of America,AMR,35465,83243387,58,998591
6/1/2022,US,United States of America,AMR,55525,83298912,78,998669
6/2/2022,US,United States of America,AMR,155982,83454894,366,999035
6/3/2022,US,United States of America,AMR,140951,83595845,575,999610
6/4/2022,US,United States of America,AMR,111559,83707404,354,999964
6/5/2022,US,United States of America,AMR,140094,83847498,461,1000425
6/6/2022,US,United States of America,AMR,47471,83894969,87,1000512
6/7/2022,US,United States of America,AMR,43315,83938284,127,1000639
6/8/2022,US,United States of America,AMR,99664,84037948,297,1000936
6/9/2022,US,United States of America,AMR,152307,84190255,476,1001412
6/10/2022,US,United States of America,AMR,144559,84334814,642,1002054
6/11/2022,US,United States of America,AMR,105965,84440779,264,1002318
6/12/2022,US,United States of America,AMR,147763,84588542,391,1002709
6/13/2022,US,United States of America,AMR,37707,84626249,144,1002853
6/14/2022,US,United States of America,AMR,38721,84664970,91,1002944
6/15/2022,US,United States of America,AMR,91358,84756328,286,1003230
6/16/2022,US,United States of America,AMR,138010,84894338,419,1003649
6/17/2022,US,United States of America,AMR,143175,85037513,569,1004218
6/18/2022,US,United States of America,AMR,97574,85135087,301,1004519
6/19/2022,US,United States of America,AMR,125711,85260798,392,1004911
6/20/2022,US,United States of America,AMR,35853,85296651,96,1005007
6/21/2022,US,United States of America,AMR,35517,85332168,115,1005122
6/22/2022,US,United States of America,AMR,52244,85384412,140,1005262
6/23/2022,US,United States of America,AMR,186492,85570904,513,1005775
6/24/2022,US,United States of America,AMR,134198,85705102,625,1006400
6/25/2022,US,United States of America,AMR,101869,85806971,492,1006892
6/26/2022,US,United States of America,AMR,163464,85970435,520,1007412
6/27/2022,US,United States of America,AMR,44012,86014447,107,1007519
6/28/2022,US,United States of America,AMR,44178,86058625,76,1007595
6/29/2022,US,United States of America,AMR,96530,86155155,256,1007851
6/30/2022,US,United States of America,AMR,154793,86309948,625,1008476
7/1/2022,US,United States of America,AMR,148959,86458907,555,1009031
7/2/2022,US,United States of America,AMR,112856,86571763,476,1009507
7/3/2022,US,United States of America,AMR,172444,86744207,547,1010054
7/4/2022,US,United States of America,AMR,48178,86792385,138,1010192
7/5/2022,US,United States of America,AMR,46196,86838581,87,1010279
7/6/2022,US,United States of America,AMR,45747,86884328,119,1010398
7/7/2022,US,United States of America,AMR,169689,87054017,469,1010867
7/8/2022,US,United States of America,AMR,145751,87199768,601,1011468
7/9/2022,US,United States of America,AMR,120595,87320363,491,1011959
7/10/2022,US,United States of America,AMR,167613,87487976,549,1012508
7/11/2022,US,United States of America,AMR,55577,87543553,106,1012614
7/12/2022,US,United States of America,AMR,57136,87600689,111,1012725
7/13/2022,US,United States of America,AMR,113656,87714345,279,1013004
7/14/2022,US,United States of America,AMR,184135,87898480,651,1013655
7/15/2022,US,United States of America,AMR,156001,88054481,711,1014366
7/16/2022,US,United States of America,AMR,138983,88193464,455,1014821
7/17/2022,US,United States of America,AMR,182741,88376205,472,1015293
7/18/2022,US,United States of America,AMR,57577,88433782,154,1015447
7/19/2022,US,United States of America,AMR,56070,88489852,173,1015620
7/20/2022,US,United States of America,AMR,101687,88591539,351,1015971
7/21/2022,US,United States of America,AMR,179375,88770914,705,1016676
7/22/2022,US,United States of America,AMR,158884,88929798,675,1017351
7/23/2022,US,United States of America,AMR,148445,89078243,494,1017845
7/24/2022,US,United States of America,AMR,206657,89284900,635,1018480
7/25/2022,US,United States of America,AMR,53259,89338159,159,1018639
7/26/2022,US,United States of America,AMR,54599,89392758,173,1018812
7/27/2022,US,United States of America,AMR,106403,89499161,303,1019115
7/28/2022,US,United States of America,AMR,168680,89667841,631,1019746
7/29/2022,US,United States of America,AMR,160831,89828672,696,1020442
7/30/2022,US,United States of America,AMR,144834,89973506,520,1020962
7/31/2022,US,United States of America,AMR,259377,90232883,631,1021593
8/1/2022,US,United States of America,AMR,37913,90270796,137,1021730
8/2/2022,US,United States of America,AMR,37944,90308740,118,1021848
8/3/2022,US,United States of America,AMR,119038,90427778,400,1022248
8/4/2022,US,United States of America,AMR,161349,90589127,720,1022968
8/5/2022,US,United States of America,AMR,149835,90738962,715,1023683
8/6/2022,US,United States of America,AMR,131403,90870365,560,1024243
8/7/2022,US,United States of America,AMR,150569,91020934,611,1024854
8/8/2022,US,United States of America,AMR,33241,91054175,162,1025016
8/9/2022,US,United States of America,AMR,32807,91086982,121,1025137
8/10/2022,US,United States of America,AMR,98627,91185609,337,1025474
8/11/2022,US,United States of America,AMR,137268,91322877,800,1026274
8/12/2022,US,United States of America,AMR,138358,91461235,774,1027048
8/13/2022,US,United States of America,AMR,125122,91586357,587,1027635
8/14/2022,US,United States of America,AMR,136195,91722552,661,1028296
8/15/2022,US,United States of America,AMR,30589,91753141,132,1028428
8/16/2022,US,United States of America,AMR,21098,91774239,117,1028545
8/17/2022,US,United States of America,AMR,99341,91873580,343,1028888
8/18/2022,US,United States of America,AMR,126626,92000206,730,1029618
8/19/2022,US,United States of America,AMR,120016,92120222,759,1030377
8/20/2022,US,United States of America,AMR,114305,92234527,536,1030913
8/21/2022,US,United States of America,AMR,132950,92367477,614,1031527
8/22/2022,US,United States of America,AMR,28624,92396101,141,1031668
8/23/2022,US,United States of America,AMR,27897,92423998,129,1031797
8/24/2022,US,United States of America,AMR,81700,92505698,308,1032105
8/25/2022,US,United States of America,AMR,115986,92621684,675,1032780
8/26/2022,US,United States of America,AMR,130588,92752272,766,1033546
8/27/2022,US,United States of America,AMR,110093,92862365,538,1034084
8/28/2022,US,United States of America,AMR,115441,92977806,664,1034748
8/29/2022,US,United States of America,AMR,29176,93006982,162,1034910
8/30/2022,US,United States of America,AMR,27073,93034055,129,1035039
8/31/2022,US,United States of America,AMR,78248,93112303,270,1035309
9/1/2022,US,United States of America,AMR,116212,93228515,633,1035942
9/2/2022,US,United States of America,AMR,120932,93349447,864,1036806
9/3/2022,US,United States of America,AMR,103592,93453039,500,1037306
9/4/2022,US,United States of America,AMR,105130,93558169,532,1037838
9/5/2022,US,United States of America,AMR,24912,93583081,114,1037952
9/6/2022,US,United States of America,AMR,24255,93607336,112,1038064
9/7/2022,US,United States of America,AMR,22446,93629782,114,1038178
9/8/2022,US,United States of America,AMR,118994,93748776,529,1038707
9/9/2022,US,United States of America,AMR,91690,93840466,688,1039395
9/10/2022,US,United States of America,AMR,85271,93925737,473,1039868
9/11/2022,US,United States of America,AMR,81941,94007678,595,1040463
9/12/2022,US,United States of America,AMR,22131,94029809,135,1040598
9/13/2022,US,United States of America,AMR,20216,94050025,86,1040684
9/14/2022,US,United States of America,AMR,57915,94107940,264,1040948
9/15/2022,US,United States of America,AMR,57983,94165923,562,1041510
9/16/2022,US,United States of America,AMR,89519,94255442,799,1042309
9/17/2022,US,United States of America,AMR,97563,94353005,684,1042993
9/18/2022,US,United States of America,AMR,61574,94414579,369,1043362
9/19/2022,US,United States of America,AMR,17572,94432151,98,1043460
9/20/2022,US,United States of America,AMR,20188,94452339,79,1043539
9/21/2022,US,United States of America,AMR,44794,94497133,227,1043766
9/22/2022,US,United States of America,AMR,49594,94546727,504,1044270
9/23/2022,US,United States of America,AMR,83979,94630706,698,1044968
9/24/2022,US,United States of America,AMR,99198,94729904,754,1045722
9/25/2022,US,United States of America,AMR,53400,94783304,345,1046067
9/26/2022,US,United States of America,AMR,15871,94799175,102,1046169
9/27/2022,US,United States of America,AMR,15295,94814470,85,1046254
9/28/2022,US,United States of America,AMR,37642,94852112,232,1046486
9/29/2022,US,United States of America,AMR,40387,94892499,462,1046948
9/30/2022,US,United States of America,AMR,78175,94970674,1156,1048104
10/1/2022,US,United States of America,AMR,87152,95057826,596,1048700
10/2/2022,US,United States of America,AMR,46712,95104538,349,1049049
10/3/2022,US,United States of America,AMR,12202,95116740,124,1049173
10/4/2022,US,United States of America,AMR,13856,95130596,57,1049230
10/5/2022,US,United States of America,AMR,32368,95162964,183,1049413
10/6/2022,US,United States of America,AMR,37655,95200619,444,1049857
10/7/2022,US,United States of America,AMR,64193,95264812,767,1050624
10/8/2022,US,United States of America,AMR,78599,95343411,651,1051275
10/9/2022,US,United States of America,AMR,41711,95385122,334,1051609
10/10/2022,US,United States of America,AMR,11333,95396455,72,1051681
10/11/2022,US,United States of America,AMR,13220,95409675,78,1051759
10/12/2022,US,United States of America,AMR,24419,95434094,169,1051928
10/13/2022,US,United States of America,AMR,38156,95472250,398,1052326
10/14/2022,US,United States of America,AMR,57464,95529714,652,1052978
10/15/2022,US,United States of America,AMR,72989,95602703,644,1053622
10/16/2022,US,United States of America,AMR,33699,95636402,261,1053883
10/17/2022,US,United States of America,AMR,6050,95642452,26,1053909
10/18/2022,US,United States of America,AMR,11151,95653603,8,1053917
10/19/2022,US,United States of America,AMR,33860,95687463,234,1054151
10/20/2022,US,United States of America,AMR,38999,95726462,466,1054617
10/21/2022,US,United States of America,AMR,,95726462,,1054617
10/22/2022,US,United States of America,AMR,193674,95920136,2221,1056838
10/23/2022,US,United States of America,AMR,,95920136,,1056838
10/24/2022,US,United States of America,AMR,,95920136,,1056838
10/25/2022,US,United States of America,AMR,,95920136,,1056838
10/26/2022,US,United States of America,AMR,,95920136,,1056838
10/27/2022,US,United States of America,AMR,,95920136,,1056838
10/28/2022,US,United States of America,AMR,255156,96175292,3081,1059919
10/29/2022,US,United States of America,AMR,,96175292,,1059919
10/30/2022,US,United States of America,AMR,,96175292,,1059919
10/31/2022,US,United States of America,AMR,,96175292,,1059919
11/1/2022,US,United States of America,AMR,,96175292,,1059919
11/2/2022,US,United States of America,AMR,,96175292,,1059919
11/3/2022,US,United States of America,AMR,,96175292,,1059919
11/4/2022,US,United States of America,AMR,267304,96442596,2463,1062382
11/5/2022,US,United States of America,AMR,,96442596,,1062382
11/6/2022,US,United States of America,AMR,,96442596,,1062382
11/7/2022,US,United States of America,AMR,,96442596,,1062382
11/8/2022,US,United States of America,AMR,,96442596,,1062382
11/9/2022,US,United States of America,AMR,,96442596,,1062382
11/10/2022,US,United States of America,AMR,,96442596,,1062382
11/11/2022,US,United States of America,AMR,282897,96725493,2290,1064672
11/12/2022,US,United States of America,AMR,,96725493,,1064672
11/13/2022,US,United States of America,AMR,,96725493,,1064672
11/14/2022,US,United States of America,AMR,,96725493,,1064672
11/15/2022,US,United States of America,AMR,,96725493,,1064672
11/16/2022,US,United States of America,AMR,,96725493,,1064672
11/17/2022,US,United States of America,AMR,,96725493,,1064672
11/18/2022,US,United States of America,AMR,274984,97000477,2202,1066874
11/19/2022,US,United States of America,AMR,,97000477,,1066874
11/20/2022,US,United States of America,AMR,,97000477,,1066874
11/21/2022,US,United States of America,AMR,,97000477,,1066874
11/22/2022,US,United States of America,AMR,,97000477,,1066874
11/23/2022,US,United States of America,AMR,,97000477,,1066874
11/24/2022,US,United States of America,AMR,,97000477,,1066874
11/25/2022,US,United States of America,AMR,300171,97300648,2619,1069493
11/26/2022,US,United States of America,AMR,,97300648,,1069493
11/27/2022,US,United States of America,AMR,,97300648,,1069493
11/28/2022,US,United States of America,AMR,,97300648,,1069493
11/29/2022,US,United States of America,AMR,,97300648,,1069493
11/30/2022,US,United States of America,AMR,,97300648,,1069493
12/1/2022,US,United States of America,AMR,,97300648,,1069493
12/2/2022,US,United States of America,AMR,302599,97603247,1763,1071256
12/3/2022,US,United States of America,AMR,,97603247,,1071256
12/4/2022,US,United States of America,AMR,,97603247,,1071256
12/5/2022,US,United States of America,AMR,,97603247,,1071256
12/6/2022,US,United States of America,AMR,,97603247,,1071256
12/7/2022,US,United States of America,AMR,,97603247,,1071256
12/8/2022,US,United States of America,AMR,,97603247,,1071256
12/9/2022,US,United States of America,AMR,462223,98065470,3035,1074291
12/10/2022,US,United States of America,AMR,,98065470,,1074291
12/11/2022,US,United States of America,AMR,,98065470,,1074291
12/12/2022,US,United States of America,AMR,,98065470,,1074291
12/13/2022,US,United States of America,AMR,,98065470,,1074291
12/14/2022,US,United States of America,AMR,,98065470,,1074291
12/15/2022,US,United States of America,AMR,,98065470,,1074291
12/16/2022,US,United States of America,AMR,446014,98511484,2652,1076943
12/17/2022,US,United States of America,AMR,,98511484,,1076943
12/18/2022,US,United States of America,AMR,,98511484,,1076943
12/19/2022,US,United States of America,AMR,,98511484,,1076943
12/20/2022,US,United States of America,AMR,,98511484,,1076943
12/21/2022,US,United States of America,AMR,,98511484,,1076943
12/22/2022,US,United States of America,AMR,,98511484,,1076943
12/23/2022,US,United States of America,AMR,508009,99019493,3033,1079976
12/24/2022,US,United States of America,AMR,,99019493,,1079976
12/25/2022,US,United States of America,AMR,,99019493,,1079976
12/26/2022,US,United States of America,AMR,,99019493,,1079976
12/27/2022,US,United States of America,AMR,,99019493,,1079976
12/28/2022,US,United States of America,AMR,,99019493,,1079976
12/29/2022,US,United States of America,AMR,,99019493,,1079976
12/30/2022,US,United States of America,AMR,392203,99411696,2480,1082456
12/31/2022,US,United States of America,AMR,,99411696,,1082456
1/1/2023,US,United States of America,AMR,,99411696,,1082456
1/2/2023,US,United States of America,AMR,,99411696,,1082456
1/3/2023,US,United States of America,AMR,,99411696,,1082456
1/4/2023,US,United States of America,AMR,,99411696,,1082456
1/5/2023,US,United States of America,AMR,,99411696,,1082456
1/6/2023,US,United States of America,AMR,471714,99883410,2764,1085220
1/7/2023,US,United States of America,AMR,,99883410,,1085220
1/8/2023,US,United States of America,AMR,,99883410,,1085220
1/9/2023,US,United States of America,AMR,,99883410,,1085220
1/10/2023,US,United States of America,AMR,,99883410,,1085220
1/11/2023,US,United States of America,AMR,,99883410,,1085220
1/12/2023,US,United States of America,AMR,,99883410,,1085220
1/13/2023,US,United States of America,AMR,448092,100331502,4407,1089627
1/14/2023,US,United States of America,AMR,,100331502,,1089627
1/15/2023,US,United States of America,AMR,,100331502,,1089627
1/16/2023,US,United States of America,AMR,,100331502,,1089627
1/17/2023,US,United States of America,AMR,,100331502,,1089627
1/18/2023,US,United States of America,AMR,,100331502,,1089627
1/19/2023,US,United States of America,AMR,,100331502,,1089627
1/20/2023,US,United States of America,AMR,308025,100639527,3664,1093291
1/21/2023,US,United States of America,AMR,,100639527,,1093291
1/22/2023,US,United States of America,AMR,,100639527,,1093291
1/23/2023,US,United States of America,AMR,,100639527,,1093291
1/24/2023,US,United States of America,AMR,,100639527,,1093291
1/25/2023,US,United States of America,AMR,,100639527,,1093291
1/26/2023,US,United States of America,AMR,,100639527,,1093291
1/27/2023,US,United States of America,AMR,294867,100934394,3743,1097034
1/28/2023,US,United States of America,AMR,,100934394,,1097034
1/29/2023,US,United States of America,AMR,,100934394,,1097034
1/30/2023,US,United States of America,AMR,,100934394,,1097034
1/31/2023,US,United States of America,AMR,,100934394,,1097034
2/1/2023,US,United States of America,AMR,,100934394,,1097034
2/2/2023,US,United States of America,AMR,,100934394,,1097034
2/3/2023,US,United States of America,AMR,285402,101219796,3452,1100486
2/4/2023,US,United States of America,AMR,,101219796,,1100486
2/5/2023,US,United States of America,AMR,,101219796,,1100486
2/6/2023,US,United States of America,AMR,,101219796,,1100486
2/7/2023,US,United States of America,AMR,,101219796,,1100486
2/8/2023,US,United States of America,AMR,,101219796,,1100486
2/9/2023,US,United States of America,AMR,,101219796,,1100486
2/10/2023,US,United States of America,AMR,278228,101498024,3440,1103926
2/11/2023,US,United States of America,AMR,,101498024,,1103926
2/12/2023,US,United States of America,AMR,,101498024,,1103926
2/13/2023,US,United States of America,AMR,,101498024,,1103926
2/14/2023,US,United States of America,AMR,,101498024,,1103926
2/15/2023,US,United States of America,AMR,,101498024,,1103926
2/16/2023,US,United States of America,AMR,,101498024,,1103926
2/17/2023,US,United States of America,AMR,254372,101752396,2857,1106783
2/18/2023,US,United States of America,AMR,,101752396,,1106783
2/19/2023,US,United States of America,AMR,,101752396,,1106783
2/20/2023,US,United States of America,AMR,,101752396,,1106783
2/21/2023,US,United States of America,AMR,,101752396,,1106783
2/22/2023,US,United States of America,AMR,,101752396,,1106783
2/23/2023,US,United States of America,AMR,,101752396,,1106783
2/24/2023,US,United States of America,AMR,,101752396,,1106783
2/25/2023,US,United States of America,AMR,267168,102019564,2362,1109145
2/26/2023,US,United States of America,AMR,,102019564,,1109145
2/27/2023,US,United States of America,AMR,,102019564,,1109145
2/28/2023,US,United States of America,AMR,,102019564,,1109145
3/1/2023,US,United States of America,AMR,,102019564,,1109145
3/2/2023,US,United States of America,AMR,,102019564,,1109145
3/3/2023,US,United States of America,AMR,,102019564,,1109145
3/4/2023,US,United States of America,AMR,227828,102247392,2197,1111342
3/5/2023,US,United States of America,AMR,,102247392,,1111342
3/6/2023,US,United States of America,AMR,,102247392,,1111342
3/7/2023,US,United States of America,AMR,,102247392,,1111342
3/8/2023,US,United States of America,AMR,,102247392,,1111342
3/9/2023,US,United States of America,AMR,,102247392,,1111342
3/10/2023,US,United States of America,AMR,,102247392,,1111342
3/11/2023,US,United States of America,AMR,170593,102417985,1887,1113229
3/12/2023,US,United States of America,AMR,,102417985,,1113229
3/13/2023,US,United States of America,AMR,,102417985,,1113229
3/14/2023,US,United States of America,AMR,,102417985,,1113229
3/15/2023,US,United States of America,AMR,,102417985,,1113229
3/16/2023,US,United States of America,AMR,,102417985,,1113229
3/17/2023,US,United States of America,AMR,,102417985,,1113229
3/18/2023,US,United States of America,AMR,126613,102544598,1741,1114970
3/19/2023,US,United States of America,AMR,,102544598,,1114970
3/20/2023,US,United States of America,AMR,,102544598,,1114970
3/21/2023,US,United States of America,AMR,,102544598,,1114970
3/22/2023,US,United States of America,AMR,,102544598,,1114970
3/23/2023,US,United States of America,AMR,,102544598,,1114970
3/24/2023,US,United States of America,AMR,,102544598,,1114970
3/25/2023,US,United States of America,AMR,152968,102697566,2084,1117054
3/26/2023,US,United States of America,AMR,,102697566,,1117054
3/27/2023,US,United States of America,AMR,,102697566,,1117054
3/28/2023,US,United States of America,AMR,,102697566,,1117054
3/29/2023,US,United States of America,AMR,,102697566,,1117054
3/30/2023,US,United States of America,AMR,,102697566,,1117054
3/31/2023,US,United States of America,AMR,,102697566,,1117054
4/1/2023,US,United States of America,AMR,176358,102873924,1746,1118800
4/2/2023,US,United States of America,AMR,,102873924,,1118800
4/3/2023,US,United States of America,AMR,,102873924,,1118800
4/4/2023,US,United States of America,AMR,,102873924,,1118800
4/5/2023,US,United States of America,AMR,,102873924,,1118800
4/6/2023,US,United States of America,AMR,,102873924,,1118800
4/7/2023,US,United States of America,AMR,,102873924,,1118800
4/8/2023,US,United States of America,AMR,,102873924,,1118800
4/9/2023,US,United States of America,AMR,103472,102977396,1729,1120529
4/10/2023,US,United States of America,AMR,,102977396,,1120529
4/11/2023,US,United States of America,AMR,,102977396,,1120529
4/12/2023,US,United States of America,AMR,,102977396,,1120529
4/13/2023,US,United States of America,AMR,,102977396,,1120529
4/14/2023,US,United States of America,AMR,,102977396,,1120529
4/15/2023,US,United States of America,AMR,,102977396,,1120529
4/16/2023,US,United States of America,AMR,104057,103081453,1290,1121819
4/17/2023,US,United States of America,AMR,,103081453,,1121819
4/18/2023,US,United States of America,AMR,,103081453,,1121819
4/19/2023,US,United States of America,AMR,,103081453,,1121819
4/20/2023,US,United States of America,AMR,,103081453,,1121819
4/21/2023,US,United States of America,AMR,,103081453,,1121819
4/22/2023,US,United States of America,AMR,,103081453,,1121819
4/23/2023,US,United States of America,AMR,98467,103179920,1198,1123017
4/24/2023,US,United States of America,AMR,,103179920,,1123017
4/25/2023,US,United States of America,AMR,,103179920,,1123017
4/26/2023,US,United States of America,AMR,,103179920,,1123017
4/27/2023,US,United States of America,AMR,,103179920,,1123017
4/28/2023,US,United States of America,AMR,,103179920,,1123017
4/29/2023,US,United States of America,AMR,,103179920,,1123017
4/30/2023,US,United States of America,AMR,86484,103266404,1046,1124063
5/1/2023,US,United States of America,AMR,,103266404,,1124063
5/2/2023,US,United States of America,AMR,,103266404,,1124063
5/3/2023,US,United States of America,AMR,,103266404,,1124063
5/4/2023,US,United States of America,AMR,,103266404,,1124063
5/5/2023,US,United States of America,AMR,,103266404,,1124063
5/6/2023,US,United States of America,AMR,,103266404,,1124063
5/7/2023,US,United States of America,AMR,77165,103343569,1146,1125209
5/8/2023,US,United States of America,AMR,,103343569,,1125209
5/9/2023,US,United States of America,AMR,,103343569,,1125209
5/10/2023,US,United States of America,AMR,,103343569,,1125209
5/11/2023,US,United States of America,AMR,,103343569,,1125209
5/12/2023,US,United States of America,AMR,,103343569,,1125209
5/13/2023,US,United States of America,AMR,,103343569,,1125209
5/14/2023,US,United States of America,AMR,93260,103436829,1943,1127152
5/15/2023,US,United States of America,AMR,,103436829,,1127152
5/16/2023,US,United States of America,AMR,,103436829,761,1127913
5/17/2023,US,United States of America,AMR,,103436829,,1127913
5/18/2023,US,United States of America,AMR,,103436829,,1127913
5/19/2023,US,United States of America,AMR,,103436829,,1127913
5/20/2023,US,United States of America,AMR,,103436829,,1127913
5/21/2023,US,United States of America,AMR,,103436829,,1127913
5/22/2023,US,United States of America,AMR,,103436829,,1127913
5/23/2023,US,United States of America,AMR,,103436829,743,1128656
5/24/2023,US,United States of America,AMR,,103436829,,1128656
5/25/2023,US,United States of America,AMR,,103436829,,1128656
5/26/2023,US,United States of America,AMR,,103436829,,1128656
5/27/2023,US,United States of America,AMR,,103436829,,1128656
5/28/2023,US,United States of America,AMR,,103436829,,1128656
5/29/2023,US,United States of America,AMR,,103436829,,1128656
5/30/2023,US,United States of America,AMR,,103436829,697,1129353
5/31/2023,US,United States of America,AMR,,103436829,,1129353
6/1/2023,US,United States of America,AMR,,103436829,,1129353
6/2/2023,US,United States of America,AMR,,103436829,,1129353
6/3/2023,US,United States of America,AMR,,103436829,,1129353
6/4/2023,US,United States of America,AMR,,103436829,,1129353
6/5/2023,US,United States of America,AMR,,103436829,,1129353
6/6/2023,US,United States of America,AMR,,103436829,633,1129986
6/7/2023,US,United States of America,AMR,,103436829,,1129986
6/8/2023,US,United States of America,AMR,,103436829,,1129986
6/9/2023,US,United States of America,AMR,,103436829,,1129986
6/10/2023,US,United States of America,AMR,,103436829,,1129986
6/11/2023,US,United States of America,AMR,,103436829,,1129986
6/12/2023,US,United States of America,AMR,,103436829,,1129986
6/13/2023,US,United States of America,AMR,,103436829,613,1130599
6/14/2023,US,United States of America,AMR,,103436829,,1130599
6/15/2023,US,United States of America,AMR,,103436829,,1130599
6/16/2023,US,United States of America,AMR,,103436829,,1130599
6/17/2023,US,United States of America,AMR,,103436829,,1130599
6/18/2023,US,United States of America,AMR,,103436829,,1130599
6/19/2023,US,United States of America,AMR,,103436829,,1130599
6/20/2023,US,United States of America,AMR,,103436829,584,1131183
6/21/2023,US,United States of America,AMR,,103436829,,1131183
6/22/2023,US,United States of America,AMR,,103436829,,1131183
6/23/2023,US,United States of America,AMR,,103436829,,1131183
6/24/2023,US,United States of America,AMR,,103436829,,1131183
6/25/2023,US,United States of America,AMR,,103436829,,1131183
6/26/2023,US,United States of America,AMR,,103436829,,1131183
6/27/2023,US,United States of America,AMR,,103436829,543,1131726
6/28/2023,US,United States of America,AMR,,103436829,,1131726
6/29/2023,US,United States of America,AMR,,103436829,,1131726
6/30/2023,US,United States of America,AMR,,103436829,,1131726
7/1/2023,US,United States of America,AMR,,103436829,,1131726
7/2/2023,US,United States of America,AMR,,103436829,,1131726
7/3/2023,US,United States of America,AMR,,103436829,,1131726
7/4/2023,US,United States of America,AMR,,103436829,494,1132220
7/5/2023,US,United States of America,AMR,,103436829,,1132220
7/6/2023,US,United States of America,AMR,,103436829,,1132220
7/7/2023,US,United States of America,AMR,,103436829,,1132220
7/8/2023,US,United States of America,AMR,,103436829,,1132220
7/9/2023,US,United States of America,AMR,,103436829,,1132220
7/10/2023,US,United States of America,AMR,,103436829,,1132220
7/11/2023,US,United States of America,AMR,,103436829,510,1132730
7/12/2023,US,United States of America,AMR,,103436829,,1132730
7/13/2023,US,United States of America,AMR,,103436829,,1132730
7/14/2023,US,United States of America,AMR,,103436829,,1132730
7/15/2023,US,United States of America,AMR,,103436829,,1132730
7/16/2023,US,United States of America,AMR,,103436829,,1132730
7/17/2023,US,United States of America,AMR,,103436829,,1132730
7/18/2023,US,United States of America,AMR,,103436829,540,1133270
7/19/2023,US,United States of America,AMR,,103436829,,1133270
7/20/2023,US,United States of America,AMR,,103436829,,1133270
7/21/2023,US,United States of America,AMR,,103436829,,1133270
7/22/2023,US,United States of America,AMR,,103436829,,1133270
7/23/2023,US,United States of America,AMR,,103436829,,1133270
7/24/2023,US,United States of America,AMR,,103436829,,1133270
7/25/2023,US,United States of America,AMR,,103436829,554,1133824
7/26/2023,US,United States of America,AMR,,103436829,,1133824
7/27/2023,US,United States of America,AMR,,103436829,,1133824
7/28/2023,US,United States of America,AMR,,103436829,,1133824
7/29/2023,US,United States of America,AMR,,103436829,,1133824
7/30/2023,US,United States of America,AMR,,103436829,,1133824
7/31/2023,US,United States of America,AMR,,103436829,,1133824
8/1/2023,US,United States of America,AMR,,103436829,673,1134497
8/2/2023,US,United States of America,AMR,,103436829,,1134497
8/3/2023,US,United States of America,AMR,,103436829,,1134497
8/4/2023,US,United States of America,AMR,,103436829,,1134497
8/5/2023,US,United States of America,AMR,,103436829,,1134497
8/6/2023,US,United States of America,AMR,,103436829,,1134497
8/7/2023,US,United States of America,AMR,,103436829,,1134497
8/8/2023,US,United States of America,AMR,,103436829,754,1135251
8/9/2023,US,United States of America,AMR,,103436829,,1135251
8/10/2023,US,United States of America,AMR,,103436829,,1135251
8/11/2023,US,United States of America,AMR,,103436829,,1135251
8/12/2023,US,United States of America,AMR,,103436829,,1135251
8/13/2023,US,United States of America,AMR,,103436829,,1135251
8/14/2023,US,United States of America,AMR,,103436829,,1135251
8/15/2023,US,United States of America,AMR,,103436829,925,1136176
8/16/2023,US,United States of America,AMR,,103436829,,1136176
8/17/2023,US,United States of America,AMR,,103436829,,1136176
8/18/2023,US,United States of America,AMR,,103436829,,1136176
8/19/2023,US,United States of America,AMR,,103436829,,1136176
8/20/2023,US,United States of America,AMR,,103436829,,1136176
8/21/2023,US,United States of America,AMR,,103436829,,1136176
8/22/2023,US,United States of America,AMR,,103436829,1068,1137244
8/23/2023,US,United States of America,AMR,,103436829,,1137244
8/24/2023,US,United States of America,AMR,,103436829,,1137244
8/25/2023,US,United States of America,AMR,,103436829,,1137244
8/26/2023,US,United States of America,AMR,,103436829,,1137244
8/27/2023,US,United States of America,AMR,,103436829,,1137244
8/28/2023,US,United States of America,AMR,,103436829,,1137244
8/29/2023,US,United States of America,AMR,,103436829,1188,1138432
8/30/2023,US,United States of America,AMR,,103436829,,1138432
8/31/2023,US,United States of America,AMR,,103436829,,1138432
9/1/2023,US,United States of America,AMR,,103436829,,1138432
9/2/2023,US,United States of America,AMR,,103436829,,1138432
9/3/2023,US,United States of America,AMR,,103436829,,1138432
9/4/2023,US,United States of America,AMR,,103436829,,1138432
9/5/2023,US,United States of America,AMR,,103436829,1317,1139749
9/6/2023,US,United States of America,AMR,,103436829,,1139749
9/7/2023,US,United States of America,AMR,,103436829,,1139749
9/8/2023,US,United States of America,AMR,,103436829,,1139749
9/9/2023,US,United States of America,AMR,,103436829,,1139749
9/10/2023,US,United States of America,AMR,,103436829,,1139749
9/11/2023,US,United States of America,AMR,,103436829,,1139749
9/12/2023,US,United States of America,AMR,,103436829,1412,1141161
9/13/2023,US,United States of America,AMR,,103436829,,1141161
9/14/2023,US,United States of America,AMR,,103436829,,1141161
9/15/2023,US,United States of America,AMR,,103436829,,1141161
9/16/2023,US,United States of America,AMR,,103436829,,1141161
9/17/2023,US,United States of America,AMR,,103436829,,1141161
9/18/2023,US,United States of America,AMR,,103436829,,1141161
9/19/2023,US,United States of America,AMR,,103436829,1419,1142580
9/20/2023,US,United States of America,AMR,,103436829,,1142580
9/21/2023,US,United States of America,AMR,,103436829,,1142580
9/22/2023,US,United States of America,AMR,,103436829,,1142580
9/23/2023,US,United States of America,AMR,,103436829,,1142580
9/24/2023,US,United States of America,AMR,,103436829,,1142580
9/25/2023,US,United States of America,AMR,,103436829,,1142580
9/26/2023,US,United States of America,AMR,,103436829,1459,1144039
9/27/2023,US,United States of America,AMR,,103436829,,1144039
9/28/2023,US,United States of America,AMR,,103436829,,1144039
9/29/2023,US,United States of America,AMR,,103436829,,1144039
9/30/2023,US,United States of America,AMR,,103436829,,1144039
10/1/2023,US,United States of America,AMR,,103436829,,1144039
10/2/2023,US,United States of America,AMR,,103436829,,1144039
10/3/2023,US,United States of America,AMR,,103436829,1402,1145441
10/4/2023,US,United States of America,AMR,,103436829,,1145441
10/5/2023,US,United States of America,AMR,,103436829,,1145441
10/6/2023,US,United States of America,AMR,,103436829,,1145441
10/7/2023,US,United States of America,AMR,,103436829,,1145441
10/8/2023,US,United States of America,AMR,,103436829,,1145441
10/9/2023,US,United States of America,AMR,,103436829,,1145441
10/10/2023,US,United States of America,AMR,,103436829,1317,1146758
10/11/2023,US,United States of America,AMR,,103436829,,1146758
10/12/2023,US,United States of America,AMR,,103436829,,1146758
10/13/2023,US,United States of America,AMR,,103436829,,1146758
10/14/2023,US,United States of America,AMR,,103436829,,1146758
10/15/2023,US,United States of America,AMR,,103436829,,1146758
10/16/2023,US,United States of America,AMR,,103436829,,1146758
10/17/2023,US,United States of America,AMR,,103436829,1394,1148152
10/18/2023,US,United States of America,AMR,,103436829,,1148152
10/19/2023,US,United States of America,AMR,,103436829,,1148152
10/20/2023,US,United States of America,AMR,,103436829,,1148152
10/21/2023,US,United States of America,AMR,,103436829,,1148152
10/22/2023,US,United States of America,AMR,,103436829,,1148152
10/23/2023,US,United States of America,AMR,,103436829,,1148152
10/24/2023,US,United States of America,AMR,,103436829,1292,1149444
10/25/2023,US,United States of America,AMR,,103436829,,1149444
10/26/2023,US,United States of America,AMR,,103436829,,1149444
10/27/2023,US,United States of America,AMR,,103436829,,1149444
10/28/2023,US,United States of America,AMR,,103436829,,1149444
10/29/2023,US,United States of America,AMR,,103436829,,1149444
10/30/2023,US,United States of America,AMR,,103436829,,1149444
10/31/2023,US,United States of America,AMR,,103436829,1247,1150691
11/1/2023,US,United States of America,AMR,,103436829,,1150691
11/2/2023,US,United States of America,AMR,,103436829,,1150691
11/3/2023,US,United States of America,AMR,,103436829,,1150691
11/4/2023,US,United States of America,AMR,,103436829,,1150691
11/5/2023,US,United States of America,AMR,,103436829,,1150691
11/6/2023,US,United States of America,AMR,,103436829,,1150691
11/7/2023,US,United States of America,AMR,,103436829,1395,1152086
11/8/2023,US,United States of America,AMR,,103436829,,1152086
11/9/2023,US,United States of America,AMR,,103436829,,1152086
11/10/2023,US,United States of America,AMR,,103436829,,1152086
11/11/2023,US,United States of America,AMR,,103436829,,1152086
11/12/2023,US,United States of America,AMR,,103436829,,1152086
11/13/2023,US,United States of America,AMR,,103436829,,1152086
11/14/2023,US,United States of America,AMR,,103436829,1431,1153517
11/15/2023,US,United States of America,AMR,,103436829,,1153517
11/16/2023,US,United States of America,AMR,,103436829,,1153517
11/17/2023,US,United States of America,AMR,,103436829,,1153517
11/18/2023,US,United States of America,AMR,,103436829,,1153517
11/19/2023,US,United States of America,AMR,,103436829,,1153517
11/20/2023,US,United States of America,AMR,,103436829,,1153517
11/21/2023,US,United States of America,AMR,,103436829,1428,1154945
11/22/2023,US,United States of America,AMR,,103436829,,1154945
11/23/2023,US,United States of America,AMR,,103436829,,1154945
11/24/2023,US,United States of America,AMR,,103436829,,1154945
11/25/2023,US,United States of America,AMR,,103436829,,1154945
11/26/2023,US,United States of America,AMR,,103436829,,1154945
11/27/2023,US,United States of America,AMR,,103436829,,1154945
11/28/2023,US,United States of America,AMR,,103436829,1735,1156680
11/29/2023,US,United States of America,AMR,,103436829,,1156680
11/30/2023,US,United States of America,AMR,,103436829,,1156680
12/1/2023,US,United States of America,AMR,,103436829,,1156680
12/2/2023,US,United States of America,AMR,,103436829,,1156680
12/3/2023,US,United States of America,AMR,,103436829,,1156680
12/4/2023,US,United States of America,AMR,,103436829,,1156680
12/5/2023,US,United States of America,AMR,,103436829,1794,1158474
12/6/2023,US,United States of America,AMR,,103436829,,1158474
12/7/2023,US,United States of America,AMR,,103436829,,1158474
12/8/2023,US,United States of America,AMR,,103436829,,1158474
12/9/2023,US,United States of America,AMR,,103436829,,1158474
12/10/2023,US,United States of America,AMR,,103436829,,1158474
12/11/2023,US,United States of America,AMR,,103436829,,1158474
12/12/2023,US,United States of America,AMR,,103436829,1851,1160325
12/13/2023,US,United States of America,AMR,,103436829,,1160325
12/14/2023,US,United States of America,AMR,,103436829,,1160325
12/15/2023,US,United States of America,AMR,,103436829,,1160325
12/16/2023,US,United States of America,AMR,,103436829,,1160325
12/17/2023,US,United States of America,AMR,,103436829,,1160325
12/18/2023,US,United States of America,AMR,,103436829,,1160325
12/19/2023,US,United States of America,AMR,,103436829,1938,1162263
12/20/2023,US,United States of America,AMR,,103436829,,1162263
12/21/2023,US,United States of America,AMR,,103436829,,1162263
12/22/2023,US,United States of America,AMR,,103436829,,1162263
12/23/2023,US,United States of America,AMR,,103436829,,1162263
12/24/2023,US,United States of America,AMR,,103436829,,1162263
12/25/2023,US,United States of America,AMR,,103436829,,1162263
12/26/2023,US,United States of America,AMR,,103436829,2234,1164497
12/27/2023,US,United States of America,AMR,,103436829,,1164497
12/28/2023,US,United States of America,AMR,,103436829,,1164497
12/29/2023,US,United States of America,AMR,,103436829,,1164497
12/30/2023,US,United States of America,AMR,,103436829,,1164497
12/31/2023,US,United States of America,AMR,,103436829,,1164497
1/1/2024,US,United States of America,AMR,,103436829,,1164497
1/2/2024,US,United States of America,AMR,,103436829,2500,1166997
1/3/2024,US,United States of America,AMR,,103436829,,1166997
1/4/2024,US,United States of America,AMR,,103436829,,1166997
1/5/2024,US,United States of America,AMR,,103436829,,1166997
1/6/2024,US,United States of America,AMR,,103436829,,1166997
1/7/2024,US,United States of America,AMR,,103436829,,1166997
1/8/2024,US,United States of America,AMR,,103436829,,1166997
1/9/2024,US,United States of America,AMR,,103436829,2593,1169590
1/10/2024,US,United States of America,AMR,,103436829,,1169590
1/11/2024,US,United States of America,AMR,,103436829,,1169590
1/12/2024,US,United States of America,AMR,,103436829,,1169590
1/13/2024,US,United States of America,AMR,,103436829,,1169590
1/14/2024,US,United States of America,AMR,,103436829,,1169590
1/15/2024,US,United States of America,AMR,,103436829,,1169590
1/16/2024,US,United States of America,AMR,,103436829,2370,1171960
1/17/2024,US,United States of America,AMR,,103436829,,1171960
1/18/2024,US,United States of America,AMR,,103436829,,1171960
1/19/2024,US,United States of America,AMR,,103436829,,1171960
1/20/2024,US,United States of America,AMR,,103436829,,1171960
1/21/2024,US,United States of America,AMR,,103436829,,1171960
1/22/2024,US,United States of America,AMR,,103436829,,1171960
1/23/2024,US,United States of America,AMR,,103436829,2139,1174099
1/24/2024,US,United States of America,AMR,,103436829,,1174099
1/25/2024,US,United States of America,AMR,,103436829,,1174099
1/26/2024,US,United States of America,AMR,,103436829,,1174099
1/27/2024,US,United States of America,AMR,,103436829,,1174099
1/28/2024,US,United States of America,AMR,,103436829,,1174099
1/29/2024,US,United States of America,AMR,,103436829,,1174099
1/30/2024,US,United States of America,AMR,,103436829,1748,1175847
1/31/2024,US,United States of America,AMR,,103436829,,1175847
2/1/2024,US,United States of America,AMR,,103436829,,1175847
2/2/2024,US,United States of America,AMR,,103436829,,1175847
2/3/2024,US,United States of America,AMR,,103436829,,1175847
2/4/2024,US,United States of America,AMR,,103436829,,1175847
2/5/2024,US,United States of America,AMR,,103436829,,1175847
2/6/2024,US,United States of America,AMR,,103436829,1628,1177475
2/7/2024,US,United States of America,AMR,,103436829,,1177475
2/8/2024,US,United States of America,AMR,,103436829,,1177475
2/9/2024,US,United States of America,AMR,,103436829,,1177475
2/10/2024,US,United States of America,AMR,,103436829,,1177475
2/11/2024,US,United States of America,AMR,,103436829,,1177475
2/12/2024,US,United States of America,AMR,,103436829,,1177475
2/13/2024,US,United States of America,AMR,,103436829,1393,1178868
2/14/2024,US,United States of America,AMR,,103436829,,1178868
2/15/2024,US,United States of America,AMR,,103436829,,1178868
2/16/2024,US,United States of America,AMR,,103436829,,1178868
2/17/2024,US,United States of America,AMR,,103436829,,1178868
2/18/2024,US,United States of America,AMR,,103436829,,1178868
2/19/2024,US,United States of America,AMR,,103436829,,1178868
2/20/2024,US,United States of America,AMR,,103436829,1329,1180197
2/21/2024,US,United States of America,AMR,,103436829,,1180197
2/22/2024,US,United States of America,AMR,,103436829,,1180197
2/23/2024,US,United States of America,AMR,,103436829,,1180197
2/24/2024,US,United States of America,AMR,,103436829,,1180197
2/25/2024,US,United States of America,AMR,,103436829,,1180197
2/26/2024,US,United States of America,AMR,,103436829,,1180197
2/27/2024,US,United States of America,AMR,,103436829,1276,1181473
2/28/2024,US,United States of America,AMR,,103436829,,1181473
2/29/2024,US,United States of America,AMR,,103436829,,1181473
3/1/2024,US,United States of America,AMR,,103436829,,1181473
3/2/2024,US,United States of America,AMR,,103436829,,1181473
3/3/2024,US,United States of America,AMR,,103436829,,1181473
3/4/2024,US,United States of America,AMR,,103436829,,1181473
3/5/2024,US,United States of America,AMR,,103436829,1105,1182578
3/6/2024,US,United States of America,AMR,,103436829,,1182578
3/7/2024,US,United States of America,AMR,,103436829,,1182578
3/8/2024,US,United States of America,AMR,,103436829,,1182578
3/9/2024,US,United States of America,AMR,,103436829,,1182578
3/10/2024,US,United States of America,AMR,,103436829,,1182578
3/11/2024,US,United States of America,AMR,,103436829,,1182578
3/12/2024,US,United States of America,AMR,,103436829,1047,1183625
3/13/2024,US,United States of America,AMR,,103436829,,1183625
3/14/2024,US,United States of America,AMR,,103436829,,1183625
3/15/2024,US,United States of America,AMR,,103436829,,1183625
3/16/2024,US,United States of America,AMR,,103436829,,1183625
3/17/2024,US,United States of America,AMR,,103436829,,1183625
3/18/2024,US,United States of America,AMR,,103436829,,1183625
3/19/2024,US,United States of America,AMR,,103436829,853,1184478
3/20/2024,US,United States of America,AMR,,103436829,,1184478
3/21/2024,US,United States of America,AMR,,103436829,,1184478
3/22/2024,US,United States of America,AMR,,103436829,,1184478
3/23/2024,US,United States of America,AMR,,103436829,,1184478
3/24/2024,US,United States of America,AMR,,103436829,,1184478
3/25/2024,US,United States of America,AMR,,103436829,,1184478
3/26/2024,US,United States of America,AMR,,103436829,743,1185221
3/27/2024,US,United States of America,AMR,,103436829,,1185221
3/28/2024,US,United States of America,AMR,,103436829,,1185221
3/29/2024,US,United States of America,AMR,,103436829,,1185221
3/30/2024,US,United States of America,AMR,,103436829,,1185221
3/31/2024,US,United States of America,AMR,,103436829,,1185221
4/1/2024,US,United States of America,AMR,,103436829,,1185221
4/2/2024,US,United States of America,AMR,,103436829,635,1185856
4/3/2024,US,United States of America,AMR,,103436829,,1185856
4/4/2024,US,United States of America,AMR,,103436829,,1185856
4/5/2024,US,United States of America,AMR,,103436829,,1185856
4/6/2024,US,United States of America,AMR,,103436829,,1185856
4/7/2024,US,United States of America,AMR,,103436829,,1185856
4/8/2024,US,United States of America,AMR,,103436829,,1185856
4/9/2024,US,United States of America,AMR,,103436829,575,1186431
4/10/2024,US,United States of America,AMR,,103436829,,1186431
4/11/2024,US,United States of America,AMR,,103436829,,1186431
4/12/2024,US,United States of America,AMR,,103436829,,1186431
4/13/2024,US,United States of America,AMR,,103436829,,1186431
4/14/2024,US,United States of America,AMR,,103436829,,1186431
4/15/2024,US,United States of America,AMR,,103436829,,1186431
4/16/2024,US,United States of America,AMR,,103436829,501,1186932
4/17/2024,US,United States of America,AMR,,103436829,,1186932
4/18/2024,US,United States of America,AMR,,103436829,,1186932
4/19/2024,US,United States of America,AMR,,103436829,,1186932
4/20/2024,US,United States of America,AMR,,103436829,,1186932
4/21/2024,US,United States of America,AMR,,103436829,,1186932
4/22/2024,US,United States of America,AMR,,103436829,,1186932
4/23/2024,US,United States of America,AMR,,103436829,430,1187362
4/24/2024,US,United States of America,AMR,,103436829,,1187362
4/25/2024,US,United States of America,AMR,,103436829,,1187362
4/26/2024,US,United States of America,AMR,,103436829,,1187362
4/27/2024,US,United States of America,AMR,,103436829,,1187362
4/28/2024,US,United States of America,AMR,,103436829,,1187362
4/29/2024,US,United States of America,AMR,,103436829,,1187362
4/30/2024,US,United States of America,AMR,,103436829,427,1187789
5/1/2024,US,United States of America,AMR,,103436829,,1187789
5/2/2024,US,United States of America,AMR,,103436829,,1187789
5/3/2024,US,United States of America,AMR,,103436829,,1187789
5/4/2024,US,United States of America,AMR,,103436829,,1187789
5/5/2024,US,United States of America,AMR,,103436829,,1187789
5/6/2024,US,United States of America,AMR,,103436829,,1187789
5/7/2024,US,United States of America,AMR,,103436829,334,1188123
5/8/2024,US,United States of America,AMR,,103436829,,1188123
5/9/2024,US,United States of America,AMR,,103436829,,1188123
5/10/2024,US,United States of America,AMR,,103436829,,1188123
5/11/2024,US,United States of America,AMR,,103436829,,1188123
5/12/2024,US,United States of America,AMR,,103436829,,1188123
5/13/2024,US,United States of America,AMR,,103436829,,1188123
5/14/2024,US,United States of America,AMR,,103436829,340,1188463
5/15/2024,US,United States of America,AMR,,103436829,,1188463
5/16/2024,US,United States of America,AMR,,103436829,,1188463
5/17/2024,US,United States of America,AMR,,103436829,,1188463
5/18/2024,US,United States of America,AMR,,103436829,,1188463
5/19/2024,US,United States of America,AMR,,103436829,,1188463
5/20/2024,US,United States of America,AMR,,103436829,,1188463
5/21/2024,US,United States of America,AMR,,103436829,344,1188807
5/22/2024,US,United States of America,AMR,,103436829,,1188807
5/23/2024,US,United States of America,AMR,,103436829,,1188807
5/24/2024,US,United States of America,AMR,,103436829,,1188807
5/25/2024,US,United States of America,AMR,,103436829,,1188807
5/26/2024,US,United States of America,AMR,,103436829,,1188807
5/27/2024,US,United States of America,AMR,,103436829,,1188807
5/28/2024,US,United States of America,AMR,,103436829,326,1189133
5/29/2024,US,United States of America,AMR,,103436829,,1189133
5/30/2024,US,United States of America,AMR,,103436829,,1189133
5/31/2024,US,United States of America,AMR,,103436829,,1189133
6/1/2024,US,United States of America,AMR,,103436829,,1189133
6/2/2024,US,United States of America,AMR,,103436829,,1189133
6/3/2024,US,United States of America,AMR,,103436829,,1189133
6/4/2024,US,United States of America,AMR,,103436829,314,1189447
6/5/2024,US,United States of America,AMR,,103436829,,1189447
6/6/2024,US,United States of America,AMR,,103436829,,1189447
6/7/2024,US,United States of America,AMR,,103436829,,1189447
6/8/2024,US,United States of America,AMR,,103436829,,1189447
6/9/2024,US,United States of America,AMR,,103436829,,1189447
6/10/2024,US,United States of America,AMR,,103436829,,1189447
6/11/2024,US,United States of America,AMR,,103436829,367,1189814
6/12/2024,US,United States of America,AMR,,103436829,,1189814
6/13/2024,US,United States of America,AMR,,103436829,,1189814
6/14/2024,US,United States of America,AMR,,103436829,,1189814
6/15/2024,US,United States of America,AMR,,103436829,,1189814
6/16/2024,US,United States of America,AMR,,103436829,,1189814
6/17/2024,US,United States of America,AMR,,103436829,,1189814
6/18/2024,US,United States of America,AMR,,103436829,436,1190250
6/19/2024,US,United States of America,AMR,,103436829,,1190250
6/20/2024,US,United States of America,AMR,,103436829,,1190250
6/21/2024,US,United States of America,AMR,,103436829,,1190250
6/22/2024,US,United States of America,AMR,,103436829,,1190250
6/23/2024,US,United States of America,AMR,,103436829,,1190250
6/24/2024,US,United States of America,AMR,,103436829,,1190250
6/25/2024,US,United States of America,AMR,,103436829,444,1190694
6/26/2024,US,United States of America,AMR,,103436829,,1190694
6/27/2024,US,United States of America,AMR,,103436829,,1190694
6/28/2024,US,United States of America,AMR,,103436829,,1190694
6/29/2024,US,United States of America,AMR,,103436829,,1190694
6/30/2024,US,United States of America,AMR,,103436829,,1190694
7/1/2024,US,United States of America,AMR,,103436829,,1190694
7/2/2024,US,United States of America,AMR,,103436829,533,1191227
7/3/2024,US,United States of America,AMR,,103436829,,1191227
7/4/2024,US,United States of America,AMR,,103436829,,1191227
7/5/2024,US,United States of America,AMR,,103436829,,1191227
7/6/2024,US,United States of America,AMR,,103436829,,1191227
7/7/2024,US,United States of America,AMR,,103436829,,1191227
7/8/2024,US,United States of America,AMR,,103436829,,1191227
7/9/2024,US,United States of America,AMR,,103436829,595,1191822
7/10/2024,US,United States of America,AMR,,103436829,,1191822
7/11/2024,US,United States of America,AMR,,103436829,,1191822
7/12/2024,US,United States of America,AMR,,103436829,,1191822
7/13/2024,US,United States of America,AMR,,103436829,,1191822
7/14/2024,US,United States of America,AMR,,103436829,,1191822
7/15/2024,US,United States of America,AMR,,103436829,,1191822
7/16/2024,US,United States of America,AMR,,103436829,737,1192559
7/17/2024,US,United States of America,AMR,,103436829,,1192559
7/18/2024,US,United States of America,AMR,,103436829,,1192559
7/19/2024,US,United States of America,AMR,,103436829,,1192559
7/20/2024,US,United States of America,AMR,,103436829,,1192559
7/21/2024,US,United States of America,AMR,,103436829,,1192559
7/22/2024,US,United States of America,AMR,,103436829,,1192559
7/23/2024,US,United States of America,AMR,,103436829,862,1193421
7/24/2024,US,United States of America,AMR,,103436829,,1193421
7/25/2024,US,United States of America,AMR,,103436829,,1193421
7/26/2024,US,United States of America,AMR,,103436829,,1193421
7/27/2024,US,United States of America,AMR,,103436829,,1193421
7/28/2024,US,United States of America,AMR,,103436829,,1193421
7/29/2024,US,United States of America,AMR,,103436829,,1193421
7/30/2024,US,United States of America,AMR,,103436829,990,1194411
7/31/2024,US,United States of America,AMR,,103436829,,1194411
8/1/2024,US,United States of America,AMR,,103436829,,1194411
8/2/2024,US,United States of America,AMR,,103436829,,1194411
8/3/2024,US,United States of America,AMR,,103436829,,1194411
8/4/2024,US,United States of America,AMR,,103436829,,1194411
8/5/2024,US,United States of America,AMR,,103436829,,1194411
8/6/2024,US,United States of America,AMR,,103436829,1070,1195481
8/7/2024,US,United States of America,AMR,,103436829,,1195481
8/8/2024,US,United States of America,AMR,,103436829,,1195481
8/9/2024,US,United States of America,AMR,,103436829,,1195481
8/10/2024,US,United States of America,AMR,,103436829,,1195481
8/11/2024,US,United States of America,AMR,,103436829,,1195481
8/12/2024,US,United States of America,AMR,,103436829,,1195481
8/13/2024,US,United States of America,AMR,,103436829,1083,1196564
8/14/2024,US,United States of America,AMR,,103436829,,1196564
8/15/2024,US,United States of America,AMR,,103436829,,1196564
8/16/2024,US,United States of America,AMR,,103436829,,1196564
8/17/2024,US,United States of America,AMR,,103436829,,1196564
8/18/2024,US,United States of America,AMR,,103436829,,1196564
8/19/2024,US,United States of America,AMR,,103436829,,1196564
8/20/2024,US,United States of America,AMR,,103436829,1258,1197822
8/21/2024,US,United States of America,AMR,,103436829,,1197822
8/22/2024,US,United States of America,AMR,,103436829,,1197822
8/23/2024,US,United States of America,AMR,,103436829,,1197822
8/24/2024,US,United States of America,AMR,,103436829,,1197822
8/25/2024,US,United States of America,AMR,,103436829,,1197822
8/26/2024,US,United States of America,AMR,,103436829,,1197822
8/27/2024,US,United States of America,AMR,,103436829,1359,1199181
8/28/2024,US,United States of America,AMR,,103436829,,1199181
8/29/2024,US,United States of America,AMR,,103436829,,1199181
8/30/2024,US,United States of America,AMR,,103436829,,1199181
8/31/2024,US,United States of America,AMR,,103436829,,1199181
9/1/2024,US,United States of America,AMR,,103436829,,1199181
9/2/2024,US,United States of America,AMR,,103436829,,1199181
9/3/2024,US,United States of America,AMR,,103436829,1231,1200412
9/4/2024,US,United States of America,AMR,,103436829,,1200412
9/5/2024,US,United States of America,AMR,,103436829,,1200412
9/6/2024,US,United States of America,AMR,,103436829,,1200412
9/7/2024,US,United States of America,AMR,,103436829,,1200412
9/8/2024,US,United States of America,AMR,,103436829,,1200412
9/9/2024,US,United States of America,AMR,,103436829,,1200412
9/10/2024,US,United States of America,AMR,,103436829,1245,1201657
9/11/2024,US,United States of America,AMR,,103436829,,1201657
9/12/2024,US,United States of America,AMR,,103436829,,1201657
9/13/2024,US,United States of America,AMR,,103436829,,1201657
9/14/2024,US,United States of America,AMR,,103436829,,1201657
9/15/2024,US,United States of America,AMR,,103436829,,1201657
9/16/2024,US,United States of America,AMR,,103436829,,1201657
9/17/2024,US,United States of America,AMR,,103436829,1104,1202761
9/18/2024,US,United States of America,AMR,,103436829,,1202761
9/19/2024,US,United States of America,AMR,,103436829,,1202761
9/20/2024,US,United States of America,AMR,,103436829,,1202761
9/21/2024,US,United States of America,AMR,,103436829,,1202761
9/22/2024,US,United States of America,AMR,,103436829,,1202761
9/23/2024,US,United States of America,AMR,,103436829,,1202761
9/24/2024,US,United States of America,AMR,,103436829,1035,1203796
9/25/2024,US,United States of America,AMR,,103436829,,1203796
9/26/2024,US,United States of America,AMR,,103436829,,1203796
9/27/2024,US,United States of America,AMR,,103436829,,1203796
9/28/2024,US,United States of America,AMR,,103436829,,1203796
9/29/2024,US,United States of America,AMR,,103436829,,1203796
9/30/2024,US,United States of America,AMR,,103436829,,1203796
10/1/2024,US,United States of America,AMR,,103436829,977,1204773
10/2/2024,US,United States of America,AMR,,103436829,,1204773
10/3/2024,US,United States of America,AMR,,103436829,,1204773
10/4/2024,US,United States of America,AMR,,103436829,,1204773
10/5/2024,US,United States of America,AMR,,103436829,,1204773
10/6/2024,US,United States of America,AMR,,103436829,,1204773
10/7/2024,US,United States of America,AMR,,103436829,,1204773
10/8/2024,US,United States of America,AMR,,103436829,808,1205581
10/9/2024,US,United States of America,AMR,,103436829,,1205581
10/10/2024,US,United States of America,AMR,,103436829,,1205581
10/11/2024,US,United States of America,AMR,,103436829,,1205581
10/12/2024,US,United States of America,AMR,,103436829,,1205581
10/13/2024,US,United States of America,AMR,,103436829,,1205581
10/14/2024,US,United States of America,AMR,,103436829,,1205581
10/15/2024,US,United States of America,AMR,,103436829,739,1206320
10/16/2024,US,United States of America,AMR,,103436829,,1206320
10/17/2024,US,United States of America,AMR,,103436829,,1206320
10/18/2024,US,United States of America,AMR,,103436829,,1206320
10/19/2024,US,United States of America,AMR,,103436829,,1206320
10/20/2024,US,United States of America,AMR,,103436829,,1206320
10/21/2024,US,United States of America,AMR,,103436829,,1206320
10/22/2024,US,United States of America,AMR,,103436829,646,1206966
10/23/2024,US,United States of America,AMR,,103436829,,1206966
10/24/2024,US,United States of America,AMR,,103436829,,1206966
10/25/2024,US,United States of America,AMR,,103436829,,1206966
10/26/2024,US,United States of America,AMR,,103436829,,1206966
10/27/2024,US,United States of America,AMR,,103436829,,1206966
10/28/2024,US,United States of America,AMR,,103436829,,1206966
10/29/2024,US,United States of America,AMR,,103436829,604,1207570
10/30/2024,US,United States of America,AMR,,103436829,,1207570
10/31/2024,US,United States of America,AMR,,103436829,,1207570
11/1/2024,US,United States of America,AMR,,103436829,,1207570
11/2/2024,US,United States of America,AMR,,103436829,,1207570
11/3/2024,US,United States of America,AMR,,103436829,,1207570
11/4/2024,US,United States of America,AMR,,103436829,,1207570
11/5/2024,US,United States of America,AMR,,103436829,560,1208130
11/6/2024,US,United States of America,AMR,,103436829,,1208130
11/7/2024,US,United States of America,AMR,,103436829,,1208130
11/8/2024,US,United States of America,AMR,,103436829,,1208130
11/9/2024,US,United States of America,AMR,,103436829,,1208130
11/10/2024,US,United States of America,AMR,,103436829,,1208130
11/11/2024,US,United States of America,AMR,,103436829,,1208130
11/12/2024,US,United States of America,AMR,,103436829,531,1208661
11/13/2024,US,United States of America,AMR,,103436829,,1208661
11/14/2024,US,United States of America,AMR,,103436829,,1208661
11/15/2024,US,United States of America,AMR,,103436829,,1208661
11/16/2024,US,United States of America,AMR,,103436829,,1208661
11/17/2024,US,United States of America,AMR,,103436829,,1208661
11/18/2024,US,United States of America,AMR,,103436829,,1208661
11/19/2024,US,United States of America,AMR,,103436829,474,1209135
11/20/2024,US,United States of America,AMR,,103436829,,1209135
11/21/2024,US,United States of America,AMR,,103436829,,1209135
11/22/2024,US,United States of America,AMR,,103436829,,1209135
11/23/2024,US,United States of America,AMR,,103436829,,1209135
11/24/2024,US,United States of America,AMR,,103436829,,1209135
11/25/2024,US,United States of America,AMR,,103436829,,1209135
11/26/2024,US,United States of America,AMR,,103436829,501,1209636
11/27/2024,US,United States of America,AMR,,103436829,,1209636
11/28/2024,US,United States of America,AMR,,103436829,,1209636
11/29/2024,US,United States of America,AMR,,103436829,,1209636
11/30/2024,US,United States of America,AMR,,103436829,,1209636
12/1/2024,US,United States of America,AMR,,103436829,,1209636
12/2/2024,US,United States of America,AMR,,103436829,,1209636
12/3/2024,US,United States of America,AMR,,103436829,507,1210143
12/4/2024,US,United States of America,AMR,,103436829,,1210143
12/5/2024,US,United States of America,AMR,,103436829,,1210143
12/6/2024,US,United States of America,AMR,,103436829,,1210143
12/7/2024,US,United States of America,AMR,,103436829,,1210143
12/8/2024,US,United States of America,AMR,,103436829,,1210143
12/9/2024,US,United States of America,AMR,,103436829,,1210143
12/10/2024,US,United States of America,AMR,,103436829,572,1210715
12/11/2024,US,United States of America,AMR,,103436829,,1210715
12/12/2024,US,United States of America,AMR,,103436829,,1210715
12/13/2024,US,United States of America,AMR,,103436829,,1210715
12/14/2024,US,United States of America,AMR,,103436829,,1210715
12/15/2024,US,United States of America,AMR,,103436829,,1210715
12/16/2024,US,United States of America,AMR,,103436829,,1210715
12/17/2024,US,United States of America,AMR,,103436829,597,1211312
12/18/2024,US,United States of America,AMR,,103436829,,1211312
12/19/2024,US,United States of America,AMR,,103436829,,1211312
12/20/2024,US,United States of America,AMR,,103436829,,1211312
12/21/2024,US,United States of America,AMR,,103436829,,1211312
12/22/2024,US,United States of America,AMR,,103436829,,1211312
12/23/2024,US,United States of America,AMR,,103436829,,1211312
12/24/2024,US,United States of America,AMR,,103436829,679,1211991
12/25/2024,US,United States of America,AMR,,103436829,,1211991
12/26/2024,US,United States of America,AMR,,103436829,,1211991
12/27/2024,US,United States of America,AMR,,103436829,,1211991
12/28/2024,US,United States of America,AMR,,103436829,,1211991
12/29/2024,US,United States of America,AMR,,103436829,,1211991
12/30/2024,US,United States of America,AMR,,103436829,,1211991
12/31/2024,US,United States of America,AMR,,103436829,911,1212902
1/1/2025,US,United States of America,AMR,,103436829,,1212902
1/2/2025,US,United States of America,AMR,,103436829,,1212902
1/3/2025,US,United States of America,AMR,,103436829,,1212902
1/4/2025,US,United States of America,AMR,,103436829,,1212902
1/5/2025,US,United States of America,AMR,,103436829,,1212902
1/6/2025,US,United States of America,AMR,,103436829,,1212902
1/7/2025,US,United States of America,AMR,,103436829,1052,1213954
1/8/2025,US,United States of America,AMR,,103436829,,1213954
1/9/2025,US,United States of America,AMR,,103436829,,1213954
1/10/2025,US,United States of America,AMR,,103436829,,1213954
1/11/2025,US,United States of America,AMR,,103436829,,1213954
1/12/2025,US,United States of America,AMR,,103436829,,1213954
1/13/2025,US,United States of America,AMR,,103436829,,1213954
1/14/2025,US,United States of America,AMR,,103436829,1001,1214955
1/15/2025,US,United States of America,AMR,,103436829,,1214955
1/16/2025,US,United States of America,AMR,,103436829,,1214955
1/17/2025,US,United States of America,AMR,,103436829,,1214955
1/18/2025,US,United States of America,AMR,,103436829,,1214955
1/19/2025,US,United States of America,AMR,,103436829,,1214955
1/20/2025,US,United States of America,AMR,,103436829,,1214955
1/21/2025,US,United States of America,AMR,,103436829,967,1215922
1/22/2025,US,United States of America,AMR,,103436829,,1215922
1/23/2025,US,United States of America,AMR,,103436829,,1215922
1/24/2025,US,United States of America,AMR,,103436829,,1215922
1/25/2025,US,United States of America,AMR,,103436829,,1215922
1/26/2025,US,United States of America,AMR,,103436829,,1215922
1/27/2025,US,United States of America,AMR,,103436829,,1215922
1/28/2025,US,United States of America,AMR,,103436829,941,1216863
1/29/2025,US,United States of America,AMR,,103436829,,1216863
1/30/2025,US,United States of America,AMR,,103436829,,1216863
1/31/2025,US,United States of America,AMR,,103436829,,1216863
2/1/2025,US,United States of America,AMR,,103436829,,1216863
2/2/2025,US,United States of America,AMR,,103436829,,1216863
2/3/2025,US,United States of America,AMR,,103436829,,1216863
2/4/2025,US,United States of America,AMR,,103436829,840,1217703
2/5/2025,US,United States of America,AMR,,103436829,,1217703
2/6/2025,US,United States of America,AMR,,103436829,,1217703
2/7/2025,US,United States of America,AMR,,103436829,,1217703
2/8/2025,US,United States of America,AMR,,103436829,,1217703
2/9/2025,US,United States of America,AMR,,103436829,,1217703
2/10/2025,US,United States of America,AMR,,103436829,,1217703
2/11/2025,US,United States of America,AMR,,103436829,754,1218457
2/12/2025,US,United States of America,AMR,,103436829,,1218457
2/13/2025,US,United States of America,AMR,,103436829,,1218457
2/14/2025,US,United States of America,AMR,,103436829,,1218457
2/15/2025,US,United States of America,AMR,,103436829,,1218457
2/16/2025,US,United States of America,AMR,,103436829,,1218457
2/17/2025,US,United States of America,AMR,,103436829,,1218457
2/18/2025,US,United States of America,AMR,,103436829,742,1219199
2/19/2025,US,United States of America,AMR,,103436829,,1219199
2/20/2025,US,United States of America,AMR,,103436829,,1219199
2/21/2025,US,United States of America,AMR,,103436829,,1219199
2/22/2025,US,United States of America,AMR,,103436829,,1219199
2/23/2025,US,United States of America,AMR,,103436829,,1219199
2/24/2025,US,United States of America,AMR,,103436829,,1219199
2/25/2025,US,United States of America,AMR,,103436829,704,1219903
2/26/2025,US,United States of America,AMR,,103436829,,1219903
2/27/2025,US,United States of America,AMR,,103436829,,1219903
2/28/2025,US,United States of America,AMR,,103436829,,1219903
3/1/2025,US,United States of America,AMR,,103436829,,1219903
3/2/2025,US,United States of America,AMR,,103436829,,1219903
3/3/2025,US,United States of America,AMR,,103436829,,1219903
3/4/2025,US,United States of America,AMR,,103436829,621,1220524
3/5/2025,US,United States of America,AMR,,103436829,,1220524
3/6/2025,US,United States of America,AMR,,103436829,,1220524
3/7/2025,US,United States of America,AMR,,103436829,,1220524
3/8/2025,US,United States of America,AMR,,103436829,,1220524
3/9/2025,US,United States of America,AMR,,103436829,,1220524
3/10/2025,US,United States of America,AMR,,103436829,,1220524
3/11/2025,US,United States of America,AMR,,103436829,506,1221030
3/12/2025,US,United States of America,AMR,,103436829,,1221030
3/13/2025,US,United States of America,AMR,,103436829,,1221030
3/14/2025,US,United States of America,AMR,,103436829,,1221030
3/15/2025,US,United States of America,AMR,,103436829,,1221030
3/16/2025,US,United States of America,AMR,,103436829,,1221030
3/17/2025,US,United States of America,AMR,,103436829,,1221030
3/18/2025,US,United States of America,AMR,,103436829,475,1221505
3/19/2025,US,United States of America,AMR,,103436829,,1221505
3/20/2025,US,United States of America,AMR,,103436829,,1221505
3/21/2025,US,United States of America,AMR,,103436829,,1221505
3/22/2025,US,United States of America,AMR,,103436829,,1221505
3/23/2025,US,United States of America,AMR,,103436829,,1221505
3/24/2025,US,United States of America,AMR,,103436829,,1221505
3/25/2025,US,United States of America,AMR,,103436829,488,1221993
3/26/2025,US,United States of America,AMR,,103436829,,1221993
3/27/2025,US,United States of America,AMR,,103436829,,1221993
3/28/2025,US,United States of America,AMR,,103436829,,1221993
3/29/2025,US,United States of America,AMR,,103436829,,1221993
3/30/2025,US,United States of America,AMR,,103436829,,1221993
3/31/2025,US,United States of America,AMR,,103436829,,1221993
4/1/2025,US,United States of America,AMR,,103436829,421,1222414
4/2/2025,US,United States of America,AMR,,103436829,,1222414
4/3/2025,US,United States of America,AMR,,103436829,,1222414
4/4/2025,US,United States of America,AMR,,103436829,,1222414
4/5/2025,US,United States of America,AMR,,103436829,,1222414
4/6/2025,US,United States of America,AMR,,103436829,,1222414
4/7/2025,US,United States of America,AMR,,103436829,,1222414
4/8/2025,US,United States of America,AMR,,103436829,374,1222788
4/9/2025,US,United States of America,AMR,,103436829,,1222788
4/10/2025,US,United States of America,AMR,,103436829,,1222788
4/11/2025,US,United States of America,AMR,,103436829,,1222788
4/12/2025,US,United States of America,AMR,,103436829,,1222788
4/13/2025,US,United States of America,AMR,,103436829,,1222788
4/14/2025,US,United States of America,AMR,,103436829,,1222788
4/15/2025,US,United States of America,AMR,,103436829,392,1223180
4/16/2025,US,United States of America,AMR,,103436829,,1223180
4/17/2025,US,United States of America,AMR,,103436829,,1223180
4/18/2025,US,United States of America,AMR,,103436829,,1223180
4/19/2025,US,United States of America,AMR,,103436829,,1223180
4/20/2025,US,United States of America,AMR,,103436829,,1223180
4/21/2025,US,United States of America,AMR,,103436829,,1223180
4/22/2025,US,United States of America,AMR,,103436829,337,1223517
4/23/2025,US,United States of America,AMR,,103436829,,1223517
4/24/2025,US,United States of America,AMR,,103436829,,1223517
4/25/2025,US,United States of America,AMR,,103436829,,1223517
4/26/2025,US,United States of America,AMR,,103436829,,1223517
4/27/2025,US,United States of America,AMR,,103436829,,1223517
4/28/2025,US,United States of America,AMR,,103436829,,1223517
4/29/2025,US,United States of America,AMR,,103436829,299,1223816
4/30/2025,US,United States of America,AMR,,103436829,,1223816
5/1/2025,US,United States of America,AMR,,103436829,,1223816
5/2/2025,US,United States of America,AMR,,103436829,,1223816
5/3/2025,US,United States of America,AMR,,103436829,,1223816
5/4/2025,US,United States of America,AMR,,103436829,,1223816
5/5/2025,US,United States of America,AMR,,103436829,,1223816
5/6/2025,US,United States of America,AMR,,103436829,266,1224082
5/7/2025,US,United States of America,AMR,,103436829,,1224082
5/8/2025,US,United States of America,AMR,,103436829,,1224082
5/9/2025,US,United States of America,AMR,,103436829,,1224082
5/10/2025,US,United States of America,AMR,,103436829,,1224082
5/11/2025,US,United States of America,AMR,,103436829,,1224082
5/12/2025,US,United States of America,AMR,,103436829,,1224082
5/13/2025,US,United States of America,AMR,,103436829,236,1224318
5/14/2025,US,United States of America,AMR,,103436829,,1224318
5/15/2025,US,United States of America,AMR,,103436829,,1224318
5/16/2025,US,United States of America,AMR,,103436829,,1224318
5/17/2025,US,United States of America,AMR,,103436829,,1224318
5/18/2025,US,United States of America,AMR,,103436829,,1224318
5/19/2025,US,United States of America,AMR,,103436829,,1224318
5/20/2025,US,United States of America,AMR,,103436829,195,1224513
5/21/2025,US,United States of America,AMR,,103436829,,1224513
5/22/2025,US,United States of America,AMR,,103436829,,1224513
5/23/2025,US,United States of America,AMR,,103436829,,1224513
5/24/2025,US,United States of America,AMR,,103436829,,1224513
5/25/2025,US,United States of America,AMR,,103436829,,1224513
5/26/2025,US,United States of America,AMR,,103436829,,1224513
5/27/2025,US,United States of America,AMR,,103436829,212,1224725
5/28/2025,US,United States of America,AMR,,103436829,,1224725
5/29/2025,US,United States of America,AMR,,103436829,,1224725
5/30/2025,US,United States of America,AMR,,103436829,,1224725
5/31/2025,US,United States of America,AMR,,103436829,,1224725
6/1/2025,US,United States of America,AMR,,103436829,,1224725
6/2/2025,US,United States of America,AMR,,103436829,,1224725
6/3/2025,US,United States of America,AMR,,103436829,196,1224921
6/4/2025,US,United States of America,AMR,,103436829,,1224921
6/5/2025,US,United States of America,AMR,,103436829,,1224921
6/6/2025,US,United States of America,AMR,,103436829,,1224921
6/7/2025,US,United States of America,AMR,,103436829,,1224921
6/8/2025,US,United States of America,AMR,,103436829,,1224921
6/9/2025,US,United States of America,AMR,,103436829,,1224921
6/10/2025,US,United States of America,AMR,,103436829,170,1225091
6/11/2025,US,United States of America,AMR,,103436829,,1225091
6/12/2025,US,United States of America,AMR,,103436829,,1225091
6/13/2025,US,United States of America,AMR,,103436829,,1225091
6/14/2025,US,United States of America,AMR,,103436829,,1225091
6/15/2025,US,United States of America,AMR,,103436829,,1225091
6/16/2025,US,United States of America,AMR,,103436829,,1225091
6/17/2025,US,United States of America,AMR,,103436829,187,1225278
6/18/2025,US,United States of America,AMR,,103436829,,1225278
6/19/2025,US,United States of America,AMR,,103436829,,1225278
6/20/2025,US,United States of America,AMR,,103436829,,1225278
6/21/2025,US,United States of America,AMR,,103436829,,1225278
6/22/2025,US,United States of America,AMR,,103436829,,1225278
6/23/2025,US,United States of America,AMR,,103436829,,1225278
6/24/2025,US,United States of America,AMR,,103436829,167,1225445
6/25/2025,US,United States of America,AMR,,103436829,,1225445
6/26/2025,US,United States of America,AMR,,103436829,,1225445
6/27/2025,US,United States of America,AMR,,103436829,,1225445
6/28/2025,US,United States of America,AMR,,103436829,,1225445
6/29/2025,US,United States of America,AMR,,103436829,,1225445
6/30/2025,US,United States of America,AMR,,103436829,,1225445
7/1/2025,US,United States of America,AMR,,103436829,194,1225639
7/2/2025,US,United States of America,AMR,,103436829,,1225639
7/3/2025,US,United States of America,AMR,,103436829,,1225639
7/4/2025,US,United States of America,AMR,,103436829,,1225639
7/5/2025,US,United States of America,AMR,,103436829,,1225639
7/6/2025,US,United States of America,AMR,,103436829,,1225639
7/7/2025,US,United States of America,AMR,,103436829,,1225639
7/8/2025,US,United States of America,AMR,,103436829,172,1225811
7/9/2025,US,United States of America,AMR,,103436829,,1225811
7/10/2025,US,United States of America,AMR,,103436829,,1225811
7/11/2025,US,United States of America,AMR,,103436829,,1225811
7/12/2025,US,United States of America,AMR,,103436829,,1225811
7/13/2025,US,United States of America,AMR,,103436829,,1225811
7/14/2025,US,United States of America,AMR,,103436829,,1225811
7/15/2025,US,United States of America,AMR,,103436829,188,1225999
7/16/2025,US,United States of America,AMR,,103436829,,1225999
7/17/2025,US,United States of America,AMR,,103436829,,1225999
7/18/2025,US,United States of America,AMR,,103436829,,1225999
7/19/2025,US,United States of America,AMR,,103436829,,1225999
7/20/2025,US,United States of America,AMR,,103436829,,1225999
7/21/2025,US,United States of America,AMR,,103436829,,1225999
7/22/2025,US,United States of America,AMR,,103436829,188,1226187
7/23/2025,US,United States of America,AMR,,103436829,,1226187
7/24/2025,US,United States of America,AMR,,103436829,,1226187
7/25/2025,US,United States of America,AMR,,103436829,,1226187
7/26/2025,US,United States of America,AMR,,103436829,,1226187
7/27/2025,US,United States of America,AMR,,103436829,,1226187
7/28/2025,US,United States of America,AMR,,103436829,,1226187
7/29/2025,US,United States of America,AMR,,103436829,215,1226402
7/30/2025,US,United States of America,AMR,,103436829,,1226402
7/31/2025,US,United States of America,AMR,,103436829,,1226402
8/1/2025,US,United States of America,AMR,,103436829,,1226402
8/2/2025,US,United States of America,AMR,,103436829,,1226402
8/3/2025,US,United States of America,AMR,,103436829,,1226402
8/4/2025,US,United States of America,AMR,,103436829,,1226402
8/5/2025,US,United States of America,AMR,,103436829,222,1226624
8/6/2025,US,United States of America,AMR,,103436829,,1226624
8/7/2025,US,United States of America,AMR,,103436829,,1226624
8/8/2025,US,United States of America,AMR,,103436829,,1226624
8/9/2025,US,United States of America,AMR,,103436829,,1226624
8/10/2025,US,United States of America,AMR,,103436829,,1226624
8/11/2025,US,United States of America,AMR,,103436829,,1226624
8/12/2025,US,United States of America,AMR,,103436829,279,1226903
8/13/2025,US,United States of America,AMR,,103436829,,1226903
8/14/2025,US,United States of America,AMR,,103436829,,1226903
8/15/2025,US,United States of America,AMR,,103436829,,1226903
8/16/2025,US,United States of America,AMR,,103436829,,1226903
8/17/2025,US,United States of America,AMR,,103436829,,1226903
8/18/2025,US,United States of America,AMR,,103436829,,1226903
8/19/2025,US,United States of America,AMR,,103436829,301,1227204
8/20/2025,US,United States of America,AMR,,103436829,,1227204
8/21/2025,US,United States of America,AMR,,103436829,,1227204
8/22/2025,US,United States of America,AMR,,103436829,,1227204
8/23/2025,US,United States of America,AMR,,103436829,,1227204
8/24/2025,US,United States of America,AMR,,103436829,,1227204
8/25/2025,US,United States of America,AMR,,103436829,,1227204
8/26/2025,US,United States of America,AMR,,103436829,375,1227579
8/27/2025,US,United States of America,AMR,,103436829,,1227579
8/28/2025,US,United States of America,AMR,,103436829,,1227579
8/29/2025,US,United States of America,AMR,,103436829,,1227579
8/30/2025,US,United States of America,AMR,,103436829,,1227579
8/31/2025,US,United States of America,AMR,,103436829,,1227579
9/1/2025,US,United States of America,AMR,,103436829,,1227579
9/2/2025,US,United States of America,AMR,,103436829,437,1228016
9/3/2025,US,United States of America,AMR,,103436829,,1228016
9/4/2025,US,United States of America,AMR,,103436829,,1228016
9/5/2025,US,United States of America,AMR,,103436829,,1228016
9/6/2025,US,United States of America,AMR,,103436829,,1228016
9/7/2025,US,United States of America,AMR,,103436829,,1228016
9/8/2025,US,United States of America,AMR,,103436829,,1228016
9/9/2025,US,United States of America,AMR,,103436829,440,1228456
9/10/2025,US,United States of America,AMR,,103436829,,1228456
9/11/2025,US,United States of America,AMR,,103436829,,1228456
9/12/2025,US,United States of America,AMR,,103436829,,1228456
9/13/2025,US,United States of America,AMR,,103436829,,1228456
9/14/2025,US,United States of America,AMR,,103436829,,1228456
9/15/2025,US,United States of America,AMR,,103436829,,1228456
9/16/2025,US,United States of America,AMR,,103436829,457,1228913
9/17/2025,US,United States of America,AMR,,103436829,,1228913
9/18/2025,US,United States of America,AMR,,103436829,,1228913
9/19/2025,US,United States of America,AMR,,103436829,,1228913
9/20/2025,US,United States of America,AMR,,103436829,,1228913
9/21/2025,US,United States of America,AMR,,103436829,,1228913
9/22/2025,US,United States of America,AMR,,103436829,,1228913
9/23/2025,US,United States of America,AMR,,103436829,481,1229394
9/24/2025,US,United States of America,AMR,,103436829,,1229394
9/25/2025,US,United States of America,AMR,,103436829,,1229394
9/26/2025,US,United States of America,AMR,,103436829,,1229394
9/27/2025,US,United States of America,AMR,,103436829,,1229394
9/28/2025,US,United States of America,AMR,,103436829,,1229394
9/29/2025,US,United States of America,AMR,,103436829,,1229394
9/30/2025,US,United States of America,AMR,,103436829,417,1229811
10/1/2025,US,United States of America,AMR,,103436829,,1229811
10/2/2025,US,United States of America,AMR,,103436829,,1229811
10/3/2025,US,United States of America,AMR,,103436829,,1229811
10/4/2025,US,United States of America,AMR,,103436829,,1229811
10/5/2025,US,United States of America,AMR,,103436829,,1229811
10/6/2025,US,United States of America,AMR,,103436829,,1229811
10/7/2025,US,United States of America,AMR,,103436829,340,1230151
10/8/2025,US,United States of America,AMR,,103436829,,1230151
10/9/2025,US,United States of America,AMR,,103436829,,1230151
10/10/2025,US,United States of America,AMR,,103436829,,1230151
10/11/2025,US,United States of America,AMR,,103436829,,1230151
10/12/2025,US,United States of America,AMR,,103436829,,1230151
10/13/2025,US,United States of America,AMR,,103436829,,1230151
10/14/2025,US,United States of America,AMR,,103436829,281,1230432
10/15/2025,US,United States of America,AMR,,103436829,,1230432
10/16/2025,US,United States of America,AMR,,103436829,,1230432
10/17/2025,US,United States of America,AMR,,103436829,,1230432
10/18/2025,US,United States of America,AMR,,103436829,,1230432
10/19/2025,US,United States of America,AMR,,103436829,,1230432
10/20/2025,US,United States of America,AMR,,103436829,,1230432
10/21/2025,US,United States of America,AMR,,103436829,253,1230685
10/22/2025,US,United States of America,AMR,,103436829,,1230685
10/23/2025,US,United States of America,AMR,,103436829,,1230685
10/24/2025,US,United States of America,AMR,,103436829,,1230685
10/25/2025,US,United States of America,AMR,,103436829,,1230685
10/26/2025,US,United States of America,AMR,,103436829,,1230685
10/27/2025,US,United States of America,AMR,,103436829,,1230685
10/28/2025,US,United States of America,AMR,,103436829,230,1230915
10/29/2025,US,United States of America,AMR,,103436829,,1230915
10/30/2025,US,United States of America,AMR,,103436829,,1230915
10/31/2025,US,United States of America,AMR,,103436829,,1230915
11/1/2025,US,United States of America,AMR,,103436829,,1230915
11/2/2025,US,United States of America,AMR,,103436829,,1230915
11/3/2025,US,United States of America,AMR,,103436829,,1230915
11/4/2025,US,United States of America,AMR,,103436829,190,1231105
11/5/2025,US,United States of America,AMR,,103436829,,1231105
11/6/2025,US,United States of America,AMR,,103436829,,1231105
11/7/2025,US,United States of America,AMR,,103436829,,1231105
11/8/2025,US,United States of America,AMR,,103436829,,1231105
11/9/2025,US,United States of America,AMR,,103436829,,1231105
11/10/2025,US,United States of America,AMR,,103436829,,1231105
11/11/2025,US,United States of America,AMR,,103436829,206,1231311
11/12/2025,US,United States of America,AMR,,103436829,,1231311
11/13/2025,US,United States of America,AMR,,103436829,,1231311
11/14/2025,US,United States of America,AMR,,103436829,,1231311
11/15/2025,US,United States of America,AMR,,103436829,,1231311
11/16/2025,US,United States of America,AMR,,103436829,,1231311
11/17/2025,US,United States of America,AMR,,103436829,,1231311
11/18/2025,US,United States of America,AMR,,103436829,226,1231537
11/19/2025,US,United States of America,AMR,,103436829,,1231537
11/20/2025,US,United States of America,AMR,,103436829,,1231537
11/21/2025,US,United States of America,AMR,,103436829,,1231537
11/22/2025,US,United States of America,AMR,,103436829,,1231537
11/23/2025,US,United States of America,AMR,,103436829,,1231537
11/24/2025,US,United States of America,AMR,,103436829,,1231537
11/25/2025,US,United States of America,AMR,,103436829,200,1231737
11/26/2025,US,United States of America,AMR,,103436829,,1231737
11/27/2025,US,United States of America,AMR,,103436829,,1231737
11/28/2025,US,United States of America,AMR,,103436829,,1231737
11/29/2025,US,United States of America,AMR,,103436829,,1231737
11/30/2025,US,United States of America,AMR,,103436829,,1231737
12/1/2025,US,United States of America,AMR,,103436829,,1231737
12/2/2025,US,United States of America,AMR,,103436829,208,1231945
12/3/2025,US,United States of America,AMR,,103436829,,1231945
12/4/2025,US,United States of America,AMR,,103436829,,1231945
12/5/2025,US,United States of America,AMR,,103436829,,1231945
12/6/2025,US,United States of America,AMR,,103436829,,1231945
12/7/2025,US,United States of America,AMR,,103436829,,1231945
12/8/2025,US,United States of America,AMR,,103436829,,1231945
12/9/2025,US,United States of America,AMR,,103436829,243,1232188
12/10/2025,US,United States of America,AMR,,103436829,,1232188
12/11/2025,US,United States of America,AMR,,103436829,,1232188
12/12/2025,US,United States of America,AMR,,103436829,,1232188
12/13/2025,US,United States of America,AMR,,103436829,,1232188
12/14/2025,US,United States of America,AMR,,103436829,,1232188
12/15/2025,US,United States of America,AMR,,103436829,,1232188
12/16/2025,US,United States of America,AMR,,103436829,302,1232490
12/17/2025,US,United States of America,AMR,,103436829,,1232490
12/18/2025,US,United States of America,AMR,,103436829,,1232490
12/19/2025,US,United States of America,AMR,,103436829,,1232490
12/20/2025,US,United States of America,AMR,,103436829,,1232490
12/21/2025,US,United States of America,AMR,,103436829,,1232490
12/22/2025,US,United States of America,AMR,,103436829,,1232490
12/23/2025,US,United States of America,AMR,,103436829,337,1232827
12/24/2025,US,United States of America,AMR,,103436829,,1232827
12/25/2025,US,United States of America,AMR,,103436829,,1232827
12/26/2025,US,United States of America,AMR,,103436829,,1232827
12/27/2025,US,United States of America,AMR,,103436829,,1232827
12/28/2025,US,United States of America,AMR,,103436829,,1232827
12/29/2025,US,United States of America,AMR,,103436829,,1232827
12/30/2025,US,United States of America,AMR,,103436829,430,1233257
12/31/2025,US,United States of America,AMR,,103436829,,1233257
1/1/2026,US,United States of America,AMR,,103436829,,1233257
1/2/2026,US,United States of America,AMR,,103436829,,1233257
1/3/2026,US,United States of America,AMR,,103436829,,1233257
1/4/2026,US,United States of America,AMR,,103436829,,1233257
1/5/2026,US,United States of America,AMR,,103436829,,1233257
1/6/2026,US,United States of America,AMR,,103436829,511,1233768
1/7/2026,US,United States of America,AMR,,103436829,,1233768
1/8/2026,US,United States of America,AMR,,103436829,,1233768
1/9/2026,US,United States of America,AMR,,103436829,,1233768
1/10/2026,US,United States of America,AMR,,103436829,,1233768
1/11/2026,US,United States of America,AMR,,103436829,,1233768
1/12/2026,US,United States of America,AMR,,103436829,,1233768
1/13/2026,US,United States of America,AMR,,103436829,478,1234246
1/14/2026,US,United States of America,AMR,,103436829,,1234246
1/15/2026,US,United States of America,AMR,,103436829,,1234246
1/16/2026,US,United States of America,AMR,,103436829,,1234246
1/17/2026,US,United States of America,AMR,,103436829,,1234246
1/18/2026,US,United States of America,AMR,,103436829,,1234246
1/19/2026,US,United States of America,AMR,,103436829,,1234246
1/20/2026,US,United States of America,AMR,,103436829,432,1234678
1/21/2026,US,United States of America,AMR,,103436829,,1234678
1/22/2026,US,United States of America,AMR,,103436829,,1234678
1/23/2026,US,United States of America,AMR,,103436829,,1234678
1/24/2026,US,United States of America,AMR,,103436829,,1234678
1/25/2026,US,United States of America,AMR,,103436829,,1234678
1/26/2026,US,United States of America,AMR,,103436829,,1234678
1/27/2026,US,United States of America,AMR,,103436829,411,1235089
1/28/2026,US,United States of America,AMR,,103436829,,1235089
1/29/2026,US,United States of America,AMR,,103436829,,1235089
1/30/2026,US,United States of America,AMR,,103436829,,1235089
1/31/2026,US,United States of America,AMR,,103436829,,1235089
2/1/2026,US,United States of America,AMR,,103436829,,1235089
2/2/2026,US,United States of America,AMR,,103436829,,1235089
2/3/2026,US,United States of America,AMR,,103436829,411,1235500
2/4/2026,US,United States of America,AMR,,103436829,,1235500
2/5/2026,US,United States of America,AMR,,103436829,,1235500
2/6/2026,US,United States of America,AMR,,103436829,,1235500
2/7/2026,US,United States of America,AMR,,103436829,,1235500
2/8/2026,US,United States of America,AMR,,103436829,,1235500
2/9/2026,US,United States of America,AMR,,103436829,,1235500
2/10/2026,US,United States of America,AMR,,103436829,340,1235840
2/11/2026,US,United States of America,AMR,,103436829,,1235840
2/12/2026,US,United States of America,AMR,,103436829,,1235840
2/13/2026,US,United States of America,AMR,,103436829,,1235840
2/14/2026,US,United States of America,AMR,,103436829,,1235840
2/15/2026,US,United States of America,AMR,,103436829,,1235840
2/16/2026,US,United States of America,AMR,,103436829,,1235840
2/17/2026,US,United States of America,AMR,,103436829,350,1236190
2/18/2026,US,United States of America,AMR,,103436829,,1236190
2/19/2026,US,United States of America,AMR,,103436829,,1236190
2/20/2026,US,United States of America,AMR,,103436829,,1236190
2/21/2026,US,United States of America,AMR,,103436829,,1236190
2/22/2026,US,United States of America,AMR,,103436829,,1236190
2/23/2026,US,United States of America,AMR,,103436829,,1236190
2/24/2026,US,United States of America,AMR,,103436829,308,1236498
2/25/2026,US,United States of America,AMR,,103436829,,1236498
2/26/2026,US,United States of America,AMR,,103436829,,1236498
2/27/2026,US,United States of America,AMR,,103436829,,1236498
2/28/2026,US,United States of America,AMR,,103436829,,1236498
3/1/2026,US,United States of America,AMR,,103436829,,1236498
3/2/2026,US,United States of America,AMR,,103436829,,1236498
3/3/2026,US,United States of America,AMR,,103436829,293,1236791
3/4/2026,US,United States of America,AMR,,103436829,,1236791
3/5/2026,US,United States of America,AMR,,103436829,,1236791
3/6/2026,US,United States of America,AMR,,103436829,,1236791
3/7/2026,US,United States of America,AMR,,103436829,,1236791
3/8/2026,US,United States of America,AMR,,103436829,,1236791
3/9/2026,US,United States of America,AMR,,103436829,,1236791
3/10/2026,US,United States of America,AMR,,103436829,229,1237020
3/11/2026,US,United States of America,AMR,,103436829,,1237020
3/12/2026,US,United States of America,AMR,,103436829,,1237020
3/13/2026,US,United States of America,AMR,,103436829,,1237020
3/14/2026,US,United States of America,AMR,,103436829,,1237020
3/15/2026,US,United States of America,AMR,,103436829,,1237020
3/16/2026,US,United States of America,AMR,,103436829,,1237020
3/17/2026,US,United States of America,AMR,,103436829,200,1237220
3/18/2026,US,United States of America,AMR,,103436829,,1237220
3/19/2026,US,United States of America,AMR,,103436829,,1237220
3/20/2026,US,United States of America,AMR,,103436829,,1237220
3/21/2026,US,United States of America,AMR,,103436829,,1237220
3/22/2026,US,United States of America,AMR,,103436829,,1237220
3/23/2026,US,United States of America,AMR,,103436829,,1237220
3/24/2026,US,United States of America,AMR,,103436829,182,1237402
3/25/2026,US,United States of America,AMR,,103436829,,1237402
3/26/2026,US,United States of America,AMR,,103436829,,1237402
3/27/2026,US,United States of America,AMR,,103436829,,1237402
3/28/2026,US,United States of America,AMR,,103436829,,1237402
3/29/2026,US,United States of America,AMR,,103436829,,1237402
3/30/2026,US,United States of America,AMR,,103436829,,1237402
3/31/2026,US,United States of America,AMR,,103436829,166,1237568
4/1/2026,US,United States of America,AMR,,103436829,,1237568
4/2/2026,US,United States of America,AMR,,103436829,,1237568
4/3/2026,US,United States of America,AMR,,103436829,,1237568
4/4/2026,US,United States of America,AMR,,103436829,,1237568
4/5/2026,US,United States of America,AMR,,103436829,,1237568
4/6/2026,US,United States of America,AMR,,103436829,,1237568
4/7/2026,US,United States of America,AMR,,103436829,143,1237711
4/8/2026,US,United States of America,AMR,,103436829,,1237711
4/9/2026,US,United States of America,AMR,,103436829,,1237711
4/10/2026,US,United States of America,AMR,,103436829,,1237711
4/11/2026,US,United States of America,AMR,,103436829,,1237711
4/12/2026,US,United States of America,AMR,,103436829,,1237711
4/13/2026,US,United States of America,AMR,,103436829,,1237711
4/14/2026,US,United States of America,AMR,,103436829,147,1237858
4/15/2026,US,United States of America,AMR,,103436829,,1237858
4/16/2026,US,United States of America,AMR,,103436829,,1237858
4/17/2026,US,United States of America,AMR,,103436829,,1237858
4/18/2026,US,United States of America,AMR,,103436829,,1237858
4/19/2026,US,United States of America,AMR,,103436829,,1237858
4/20/2026,US,United States of America,AMR,,103436829,,1237858
4/21/2026,US,United States of America,AMR,,103436829,109,1237967
4/22/2026,US,United States of America,AMR,,103436829,,1237967
4/23/2026,US,United States of America,AMR,,103436829,,1237967
4/24/2026,US,United States of America,AMR,,103436829,,1237967
4/25/2026,US,United States of America,AMR,,103436829,,1237967
4/26/2026,US,United States of America,AMR,,103436829,,1237967
4/27/2026,US,United States of America,AMR,,103436829,,1237967
4/28/2026,US,United States of America,AMR,,103436829,88,1238055
4/29/2026,US,United States of America,AMR,,103436829,,1238055
4/30/2026,US,United States of America,AMR,,103436829,,1238055
5/1/2026,US,United States of America,AMR,,103436829,,1238055
5/2/2026,US,United States of America,AMR,,103436829,,1238055
5/3/2026,US,United States of America,AMR,,103436829,,1238055
5/4/2026,US,United States of America,AMR,,103436829,,1238055
5/5/2026,US,United States of America,AMR,,103436829,68,1238123
5/6/2026,US,United States of America,AMR,,103436829,,1238123
5/7/2026,US,United States of America,AMR,,103436829,,1238123
5/8/2026,US,United States of America,AMR,,103436829,,1238123
5/9/2026,US,United States of America,AMR,,103436829,,1238123
5/10/2026,US,United States of America,AMR,,103436829,,1238123
